Time,Header.seq,Header.stamp.secs,Header.stamp.nsecs,Header.frame_id,Latitude,Longitude,Altitude,UTM_easting,UTM_northing,Zone,Letter,Header.stamp.secs,Offset_UTM_easting,Offset_UTM_northing
1663962189.377,0,70989,0,GPS1_Frame,42.33433,-71.08943,17.6,327863.508945862,4689011.84766183,19,T,1082,863.508945861715,511.847661824897
1663962190.34247,0,70990,0,GPS1_Frame,42.334325,-71.0894183333333,17.7,327864.456496225,4689011.26883359,19,T,1083,864.456496224564,511.26883358974
1663962191.34207,0,70991,0,GPS1_Frame,42.3343183333333,-71.089405,18,327865.536812736,4689010.50156117,19,T,1084,865.536812736304,510.50156116765
1663962192.4096,0,70992,0,GPS1_Frame,42.334315,-71.0893916666667,18,327866.626223736,4689010.10443003,19,T,1085,866.626223736035,510.104430028237
1663962193.33898,0,70993,0,GPS1_Frame,42.3343116666667,-71.0893783333333,18.1,327867.715634854,4689009.70729906,19,T,1086,867.715634853754,509.707299062982
1663962194.34175,0,70994,0,GPS1_Frame,42.3343083333333,-71.089365,18.1,327868.805046085,4689009.31016827,19,T,1087,868.805046085327,509.310168270953
1663962195.34162,0,70995,0,GPS1_Frame,42.3343016666667,-71.0893566666667,18.3,327869.473423777,4689008.55301759,19,T,1088,869.473423776566,508.553017589264
1663962196.33901,0,70996,0,GPS1_Frame,42.3342966666667,-71.08935,18.5,327870.009035443,4689007.9843112,19,T,1089,870.009035443422,507.984311203472
1663962197.37746,0,70997,0,GPS1_Frame,42.33429,-71.0893433333333,18.9,327870.540100179,4689007.23053431,19,T,1090,870.540100178565,507.230534309521
1663962198.34756,0,70998,0,GPS1_Frame,42.334285,-71.089335,19.3,327871.213025263,4689006.65845436,19,T,1091,871.213025262929,506.65845436044
1663962199.34162,0,70999,0,GPS1_Frame,42.3342816666667,-71.0893266666667,19.6,327871.890497444,4689006.27144503,19,T,1092,871.890497443965,506.271445033141
1663962200.34292,0,71000,0,GPS1_Frame,42.3342766666667,-71.0893166666667,20.2,327872.700735978,4689005.6959916,19,T,1093,872.700735977734,505.695991597138
1663962201.34387,0,71001,0,GPS1_Frame,42.334275,-71.0893016666667,20.4,327873.932008271,4689005.48055856,19,T,1094,873.932008270873,505.480558563024
1663962202.3446,0,71002,0,GPS1_Frame,42.3342733333333,-71.0892866666667,20.6,327875.163280631,4689005.26512575,19,T,1095,875.163280630601,505.265125749633
1663962203.34324,0,71003,0,GPS1_Frame,42.33427,-71.0892766666667,20.6,327875.97806641,4689004.87474326,19,T,1096,875.978066409589,504.874743257649
1663962204.37617,0,71004,0,GPS1_Frame,42.3342633333333,-71.0892716666667,20.8,327876.371818746,4689004.12434039,19,T,1097,876.371818746265,504.124340391718
1663962205.34016,0,71005,0,GPS1_Frame,42.3342566666667,-71.089275,20.6,327876.079004721,4689003.39080528,19,T,1098,876.079004721483,503.390805283561
1663962206.37821,0,71006,0,GPS1_Frame,42.3342466666667,-71.0892816666667,20.5,327875.50247027,4689002.2938762,19,T,1099,875.502470269566,502.29387620464
1663962207.34184,0,71007,0,GPS1_Frame,42.3342383333333,-71.0892866666667,20.4,327875.067795871,4689001.37864415,19,T,1100,875.067795871058,501.378644148819
1663962208.34516,0,71008,0,GPS1_Frame,42.3342316666667,-71.089285,20.5,327875.186921649,4689000.63498837,19,T,1101,875.18692164903,500.634988372214
1663962209.34364,0,71009,0,GPS1_Frame,42.3342266666667,-71.08928,20.8,327875.585221056,4689000.06965602,19,T,1102,875.585221055546,500.069656020962
1663962210.34683,0,71010,0,GPS1_Frame,42.33422,-71.0892716666667,20.9,327876.253600402,4688999.31250604,19,T,1103,876.253600402211,499.312506043352
1663962211.34683,0,71011,0,GPS1_Frame,42.334215,-71.0892616666667,21,327877.063840115,4688998.73705315,19,T,1104,877.063840114977,498.737053152174
1663962212.37754,0,71012,0,GPS1_Frame,42.3342083333333,-71.0892533333333,21,327877.732219754,4688997.97990333,19,T,1105,877.732219753903,497.979903325439
1663962213.33681,0,71013,0,GPS1_Frame,42.3342,-71.089245,20.9,327878.396052738,4688997.03768302,19,T,1106,878.396052738186,497.037683018483
1663962214.34143,0,71014,0,GPS1_Frame,42.3341933333333,-71.0892366666667,21.1,327879.06443269,4688996.28053333,19,T,1107,879.064432690327,496.280533329584
1663962215.37989,0,71015,0,GPS1_Frame,42.3341833333333,-71.0892283333333,21.1,327879.723719268,4688995.15324261,19,T,1108,879.72371926764,495.153242611326
1663962216.37705,0,71016,0,GPS1_Frame,42.334175,-71.0892183333333,21.2,327880.524866275,4688994.20764905,19,T,1109,880.524866275373,494.207649048418
1663962217.34723,0,71017,0,GPS1_Frame,42.3341666666667,-71.0892083333333,21.2,327881.326013506,4688993.26205559,19,T,1110,881.326013506216,493.262055585161
1663962218.34716,0,71018,0,GPS1_Frame,42.33416,-71.0892,21.4,327881.994394147,4688992.5049062,19,T,1111,881.994394146954,492.504906201735
1663962219.34516,0,71019,0,GPS1_Frame,42.33415,-71.0891916666667,21.4,327882.653681585,4688991.37761579,19,T,1112,882.65368158475,491.377615787089
1663962220.37533,0,71020,0,GPS1_Frame,42.3341383333333,-71.0891833333333,21.6,327883.308422585,4688990.0652549,19,T,1113,883.308422585251,490.065254897811
1663962221.34698,0,71021,0,GPS1_Frame,42.3341283333333,-71.0891733333333,21.7,327884.105024054,4688988.93459124,19,T,1114,884.105024053599,488.934591234662
1663962222.38186,0,71022,0,GPS1_Frame,42.3341166666667,-71.089165,21.8,327884.759765582,4688987.6222305,19,T,1115,884.759765582217,487.62223049812
1663962223.34589,0,71023,0,GPS1_Frame,42.334105,-71.0891566666667,21.9,327885.414507372,4688986.30986983,19,T,1116,885.414507371839,486.309869834222
1663962224.38313,0,71024,0,GPS1_Frame,42.3340966666667,-71.08915,22.1,327885.941028939,4688985.37102368,19,T,1117,885.941028939094,485.371023681946
1663962225.38429,0,71025,0,GPS1_Frame,42.3340866666667,-71.08914,22.1,327886.73763141,4688984.24036035,19,T,1118,886.737631410128,484.240360353142
1663962226.34585,0,71026,0,GPS1_Frame,42.3340783333333,-71.0891283333333,22.3,327887.67609436,4688983.29139436,19,T,1119,887.676094360475,483.291394358501
1663962227.38218,0,71027,0,GPS1_Frame,42.3340716666667,-71.08912,22.6,327888.34447669,4688982.53424564,19,T,1120,888.344476690283,482.534245638177
1663962228.34885,0,71028,0,GPS1_Frame,42.334065,-71.08911,22.6,327889.150172873,4688981.7737237,19,T,1121,889.150172872993,481.773723701015
1663962229.34961,0,71029,0,GPS1_Frame,42.33406,-71.0890933333333,22.8,327890.509670573,4688981.18477936,19,T,1122,890.509670572705,481.184779356234
1663962230.35039,0,71030,0,GPS1_Frame,42.334055,-71.0890766666667,22.7,327891.869168486,4688980.59583528,19,T,1123,891.869168486097,480.595835280605
1663962231.34421,0,71031,0,GPS1_Frame,42.3340483333333,-71.0890633333333,22.6,327892.949492755,4688979.82856734,19,T,1124,892.949492755113,479.828567344695
1663962232.34523,0,71032,0,GPS1_Frame,42.33404,-71.0890516666667,22.5,327893.887957137,4688978.87960223,19,T,1125,893.887957137427,478.879602228291
1663962233.34398,0,71033,0,GPS1_Frame,42.3340333333333,-71.08904,22.4,327894.830968111,4688978.11570779,19,T,1126,894.830968111171,478.115707789548
1663962234.34864,0,71034,0,GPS1_Frame,42.334025,-71.0890283333333,22.3,327895.769432984,4688977.16674294,19,T,1127,895.76943298371,477.166742943227
1663962235.34484,0,71035,0,GPS1_Frame,42.3340133333333,-71.0890166666667,22.2,327896.698805541,4688975.84763714,19,T,1128,896.698805541266,475.847637142986
1663962236.34816,0,71036,0,GPS1_Frame,42.334,-71.0890033333333,22.4,327897.760946054,4688974.34008783,19,T,1129,897.760946054244,474.340087827295
1663962237.38012,0,71037,0,GPS1_Frame,42.3339883333333,-71.0889916666667,22.4,327898.690319388,4688973.02098232,19,T,1130,898.69031938829,473.020982320421
1663962238.34875,0,71038,0,GPS1_Frame,42.3339766666667,-71.08898,22.2,327899.619693087,4688971.70187695,19,T,1131,899.619693086657,471.701876948588
1663962239.34255,0,71039,0,GPS1_Frame,42.3339666666667,-71.0889683333333,22,327900.553613322,4688970.56784225,19,T,1132,900.553613321739,470.567842253484
1663962240.38575,0,71040,0,GPS1_Frame,42.3339566666667,-71.0889566666667,21.7,327901.487533866,4688969.4338077,19,T,1133,901.487533866311,469.433807697147
1663962241.34801,0,71041,0,GPS1_Frame,42.333945,-71.088945,21.4,327902.416908599,4688968.11470273,19,T,1134,902.416908598796,468.114702733234
1663962242.34685,0,71042,0,GPS1_Frame,42.333935,-71.0889333333333,21.1,327903.350829787,4688966.98066845,19,T,1135,903.350829786854,466.980668446049
1663962243.37812,0,71043,0,GPS1_Frame,42.3339233333333,-71.0889216666667,20.7,327904.28020522,4688965.66156376,19,T,1136,904.280205219518,465.661563755013
1663962244.34634,0,71044,0,GPS1_Frame,42.3339133333333,-71.08891,20.4,327905.214127055,4688964.52752974,19,T,1137,905.214127055078,464.527529738843
1663962245.34351,0,71045,0,GPS1_Frame,42.333905,-71.0888983333333,20.1,327906.152595215,4688963.57856639,19,T,1138,906.152595214546,463.578566393815
1663962246.34729,0,71046,0,GPS1_Frame,42.333895,-71.0888866666667,19.9,327907.086517643,4688962.44453265,19,T,1139,907.086517643067,462.444532647729
1663962247.34777,0,71047,0,GPS1_Frame,42.3338833333333,-71.0888766666667,19.7,327907.878580318,4688961.1288014,19,T,1140,907.878580317833,461.128801404499
1663962248.38005,0,71048,0,GPS1_Frame,42.3338716666667,-71.0888683333333,19.6,327908.533329177,4688959.81644315,19,T,1141,908.533329177473,459.816443149932
1663962249.34769,0,71049,0,GPS1_Frame,42.33386,-71.08886,19.4,327909.188078296,4688958.50408497,19,T,1142,909.188078295905,458.504084967077
1663962250.34419,0,71050,0,GPS1_Frame,42.3338483333333,-71.08885,19.3,327909.980141855,4688957.18835399,19,T,1143,909.98014185502,457.188353992067
1663962251.34694,0,71051,0,GPS1_Frame,42.3338383333333,-71.0888383333333,19.2,327910.914065806,4688956.05432081,19,T,1144,910.914065806428,456.054320811294
1663962252.42262,0,71052,0,GPS1_Frame,42.3338266666667,-71.0888283333333,19.1,327911.706129989,4688954.73859005,19,T,1145,911.706129989238,454.738590052351
1663962253.34839,0,71053,0,GPS1_Frame,42.3338183333333,-71.0888183333333,19,327912.507286153,4688953.79300047,19,T,1146,912.507286152686,453.793000465259
1663962254.34849,0,71054,0,GPS1_Frame,42.3338083333333,-71.0888083333333,19,327913.303896727,4688952.66234044,19,T,1147,913.303896727273,452.66234044265
1663962255.38503,0,71055,0,GPS1_Frame,42.3338,-71.0887983333334,18.9,327914.105053355,4688951.71675106,19,T,1148,914.105053355335,451.716751056723
1663962256.41388,0,71056,0,GPS1_Frame,42.3337916666667,-71.0887883333333,18.9,327914.906210206,4688950.77116177,19,T,1149,914.906210206449,450.771161767654
1663962257.3471,0,71057,0,GPS1_Frame,42.3337833333333,-71.0887783333333,18.7,327915.707367279,4688949.82557258,19,T,1150,915.707367278636,449.825572577305
1663962258.34908,0,71058,0,GPS1_Frame,42.333775,-71.0887683333333,18.6,327916.50852457,4688948.87998349,19,T,1151,916.508524569683,448.879983486608
1663962259.34661,0,71059,0,GPS1_Frame,42.3337666666667,-71.0887583333333,18.3,327917.309682084,4688947.9343945,19,T,1152,917.309682083898,447.934394495562
1663962260.34771,0,71060,0,GPS1_Frame,42.33376,-71.0887466666667,18.1,327918.252699863,4688947.17050344,19,T,1153,918.252699862991,447.170503442176
1663962261.35232,0,71061,0,GPS1_Frame,42.3337516666667,-71.0887366666667,17.8,327919.053857813,4688946.22491467,19,T,1154,919.053857812658,446.224914666265
1663962262.38523,0,71062,0,GPS1_Frame,42.3337433333333,-71.0887266666667,17.5,327919.855015983,4688945.27932599,19,T,1155,919.855015983339,445.279325987212
1663962263.3479,0,71063,0,GPS1_Frame,42.3337316666667,-71.0887183333333,17.3,327920.509768735,4688943.966969,19,T,1156,920.509768735152,443.966968994588
1663962264.35162,0,71064,0,GPS1_Frame,42.3337216666667,-71.0887083333333,17.1,327921.306381788,4688942.83630997,19,T,1157,921.306381788221,442.836309968494
1663962265.3466,0,71065,0,GPS1_Frame,42.3337133333333,-71.0886983333333,17,327922.107540673,4688941.89072157,19,T,1158,922.10754067346,441.890721572563
1663962266.34972,0,71066,0,GPS1_Frame,42.333705,-71.0886883333333,17,327922.90869978,4688940.94513328,19,T,1159,922.908699779771,440.945133278146
1663962267.38123,0,71067,0,GPS1_Frame,42.333695,-71.08868,16.9,327923.567999076,4688939.81784714,19,T,1160,923.567999075982,439.817847137339
1663962268.34828,0,71068,0,GPS1_Frame,42.333685,-71.0886716666667,16.8,327924.227298597,4688938.69056107,19,T,1161,924.22729859699,438.69056106545
1663962269.34812,0,71069,0,GPS1_Frame,42.3336766666667,-71.0886616666667,16.7,327925.028458375,4688937.74497303,19,T,1162,925.028458375135,437.744973034598
1663962270.35373,0,71070,0,GPS1_Frame,42.33367,-71.0886516666667,16.7,327925.834163833,4688936.98445564,19,T,1163,925.834163832828,436.98445563484
1663962271.35052,0,71071,0,GPS1_Frame,42.3336666666667,-71.0886366666667,16.4,327927.060904048,4688936.58396183,19,T,1164,927.060904047685,436.583961832337
1663962272.35147,0,71072,0,GPS1_Frame,42.3336566666667,-71.0886283333333,16.4,327927.720204457,4688935.45667612,19,T,1165,927.720204456826,435.45667612087
1663962273.38206,0,71073,0,GPS1_Frame,42.3336483333333,-71.0886183333333,16.5,327928.521365086,4688934.51108852,19,T,1166,928.521365085559,434.511088518426
1663962274.34268,0,71074,0,GPS1_Frame,42.33364,-71.0886083333333,16.6,327929.322525937,4688933.56550102,19,T,1167,929.322525937401,433.565501016565
1663962275.38251,0,71075,0,GPS1_Frame,42.3336316666667,-71.0885983333333,16.5,327930.12368701,4688932.61991361,19,T,1168,930.123687010259,432.619913613424
1663962276.38429,0,71076,0,GPS1_Frame,42.3336233333333,-71.08859,16.7,327930.787533636,4688931.67769875,19,T,1169,930.787533636496,431.677698748186
1663962277.37834,0,71077,0,GPS1_Frame,42.3336133333333,-71.08858,16.8,327931.584149836,4688930.547041,19,T,1170,931.584149835864,430.547041003592
1663962278.38451,0,71078,0,GPS1_Frame,42.3336033333333,-71.08857,16.6,327932.380766301,4688929.41638336,19,T,1171,932.380766301299,429.416383355856
1663962279.34595,0,71079,0,GPS1_Frame,42.3335933333333,-71.0885616666667,16.6,327933.040068302,4688928.2890982,19,T,1172,933.040068302304,428.28909820132
1663962280.3468,0,71080,0,GPS1_Frame,42.333585,-71.0885533333333,16.6,327933.703915763,4688927.34688364,19,T,1173,933.703915762948,427.346883640625
1663962281.34436,0,71081,0,GPS1_Frame,42.3335766666667,-71.0885466666667,16.8,327934.230448642,4688926.40804152,19,T,1174,934.23044864164,426.408041519113
1663962282.41207,0,71082,0,GPS1_Frame,42.33357,-71.0885416666667,16.9,327934.624212096,4688925.65764233,19,T,1175,934.624212096096,425.657642326318
1663962283.34987,0,71083,0,GPS1_Frame,42.333565,-71.0885366666667,17,327935.022520839,4688925.09231368,19,T,1176,935.022520838713,425.09231368266
1663962284.34546,0,71084,0,GPS1_Frame,42.3335633333333,-71.088535,17.1,327935.155290436,4688924.90387081,19,T,1177,935.155290435767,424.903870807961
1663962285.34866,0,71085,0,GPS1_Frame,42.3335633333333,-71.088535,17,327935.155290436,4688924.90387081,19,T,1178,935.155290435767,424.903870807961
1663962286.34959,0,71086,0,GPS1_Frame,42.3335633333333,-71.088535,17,327935.155290436,4688924.90387081,19,T,1179,935.155290435767,424.903870807961
1663962287.34767,0,71087,0,GPS1_Frame,42.3335633333333,-71.088535,17,327935.155290436,4688924.90387081,19,T,1180,935.155290435767,424.903870807961
1663962288.38427,0,71088,0,GPS1_Frame,42.3335633333333,-71.088535,17,327935.155290436,4688924.90387081,19,T,1181,935.155290435767,424.903870807961
1663962289.34687,0,71089,0,GPS1_Frame,42.3335633333333,-71.088535,17,327935.155290436,4688924.90387081,19,T,1182,935.155290435767,424.903870807961
1663962290.34476,0,71090,0,GPS1_Frame,42.3335633333333,-71.088535,17,327935.155290436,4688924.90387081,19,T,1183,935.155290435767,424.903870807961
1663962291.38807,0,71091,0,GPS1_Frame,42.3335633333333,-71.088535,17,327935.155290436,4688924.90387081,19,T,1184,935.155290435767,424.903870807961
1663962292.3479,0,71092,0,GPS1_Frame,42.3335633333333,-71.088535,17,327935.155290436,4688924.90387081,19,T,1185,935.155290435767,424.903870807961
1663962293.34608,0,71093,0,GPS1_Frame,42.3335633333333,-71.088535,17,327935.155290436,4688924.90387081,19,T,1186,935.155290435767,424.903870807961
1663962294.38522,0,71094,0,GPS1_Frame,42.3335633333333,-71.088535,17,327935.155290436,4688924.90387081,19,T,1187,935.155290435767,424.903870807961
1663962295.34512,0,71095,0,GPS1_Frame,42.3335633333333,-71.088535,17,327935.155290436,4688924.90387081,19,T,1188,935.155290435767,424.903870807961
1663962296.34558,0,71096,0,GPS1_Frame,42.3335633333333,-71.088535,17,327935.155290436,4688924.90387081,19,T,1189,935.155290435767,424.903870807961
1663962297.34616,0,71097,0,GPS1_Frame,42.3335633333333,-71.088535,17,327935.155290436,4688924.90387081,19,T,1190,935.155290435767,424.903870807961
1663962298.35085,0,71098,0,GPS1_Frame,42.3335633333333,-71.088535,17,327935.155290436,4688924.90387081,19,T,1191,935.155290435767,424.903870807961
1663962299.38931,0,71099,0,GPS1_Frame,42.3335633333333,-71.088535,17,327935.155290436,4688924.90387081,19,T,1192,935.155290435767,424.903870807961
1663962300.34986,0,71100,0,GPS1_Frame,42.3335633333333,-71.088535,17,327935.155290436,4688924.90387081,19,T,1193,935.155290435767,424.903870807961
1663962301.34944,0,71101,0,GPS1_Frame,42.33356,-71.0885333333333,17.1,327935.283514849,4688924.53035741,19,T,1194,935.283514849143,424.530357411131
1663962302.35099,0,71102,0,GPS1_Frame,42.3335533333333,-71.0885266666667,17.2,327935.81459335,4688923.77658595,19,T,1195,935.814593349642,423.776585947722
1663962303.38901,0,71103,0,GPS1_Frame,42.3335466666667,-71.0885183333333,17.2,327936.4829868,4688923.0194422,19,T,1196,936.482986800489,423.019442203455
1663962304.34934,0,71104,0,GPS1_Frame,42.33354,-71.0885116666667,17.2,327937.014065554,4688922.26567084,19,T,1197,937.014065554133,422.265670838766
1663962305.38508,0,71105,0,GPS1_Frame,42.3335333333333,-71.0885016666667,17.3,327937.819774144,4688921.50515492,19,T,1198,937.819774143747,421.505154922605
1663962306.35485,0,71106,0,GPS1_Frame,42.333525,-71.0884933333333,17.4,327938.483622935,4688920.56294087,19,T,1199,938.483622935368,420.562940864824
1663962307.38883,0,71107,0,GPS1_Frame,42.3335166666667,-71.088485,17.4,327939.147471912,4688919.62072687,19,T,1200,939.147471911681,419.62072687503
1663962308.34963,0,71108,0,GPS1_Frame,42.33351,-71.088475,17.5,327939.953181046,4688918.86021122,19,T,1201,939.953181045537,418.860211223364
1663962309.34722,0,71109,0,GPS1_Frame,42.3335,-71.088465,17.6,327940.749800283,4688917.72955463,19,T,1202,940.749800283346,417.729554627091
1663962310.3509,0,71110,0,GPS1_Frame,42.33349,-71.0884583333333,17.6,327941.271789878,4688916.60564257,19,T,1203,941.271789877559,416.605642572977
1663962311.34839,0,71111,0,GPS1_Frame,42.3334816666667,-71.08845,17.4,327941.935639632,4688915.66342888,19,T,1204,941.935639632458,415.663428874686
1663962312.38154,0,71112,0,GPS1_Frame,42.33347,-71.0884433333333,17.2,327942.453084607,4688914.3544464,19,T,1205,942.453084606561,414.354446404614
1663962313.39191,0,71113,0,GPS1_Frame,42.33346,-71.0884383333333,16.9,327942.837759742,4688913.23390669,19,T,1206,942.837759742513,413.233906690963
1663962314.35097,0,71114,0,GPS1_Frame,42.33345,-71.0884333333333,16.6,327943.222435014,4688912.113367,19,T,1207,943.222435014264,412.113367003389
1663962315.34567,0,71115,0,GPS1_Frame,42.3334383333333,-71.08843,16.3,327943.465250403,4688910.811129,19,T,1208,943.465250402922,410.811129000969
1663962316.3492,0,71116,0,GPS1_Frame,42.33343,-71.0884216666667,16.4,327944.129101051,4688909.86891554,19,T,1209,944.129101050668,409.868915543892
1663962317.39064,0,71117,0,GPS1_Frame,42.3334233333333,-71.0884133333333,16.4,327944.797496797,4688909.11177267,19,T,1210,944.79749679676,409.111772673205
1663962318.35163,0,71118,0,GPS1_Frame,42.3334133333333,-71.088405,16.5,327945.456802897,4688907.98448884,19,T,1211,945.456802896573,407.984488834627
1663962319.35154,0,71119,0,GPS1_Frame,42.333405,-71.0883966666667,16.6,327946.120654097,4688907.04227559,19,T,1212,946.120654096827,407.042275585234
1663962320.34321,0,71120,0,GPS1_Frame,42.3333966666667,-71.0883883333333,16.7,327946.784505482,4688906.10006241,19,T,1213,946.78450548189,406.100062407553
1663962321.35188,0,71121,0,GPS1_Frame,42.3333883333333,-71.08838,16.8,327947.448357052,4688905.1578493,19,T,1214,947.44835705182,405.157849297859
1663962322.3546,0,71122,0,GPS1_Frame,42.33338,-71.0883716666667,16.9,327948.112208807,4688904.21563626,19,T,1215,948.112208806619,404.215636257082
1663962323.35202,0,71123,0,GPS1_Frame,42.33337,-71.0883666666667,17,327948.496885513,4688903.09509691,19,T,1216,948.496885513072,403.095096913166
1663962324.39031,0,71124,0,GPS1_Frame,42.33336,-71.0883616666667,17.2,327948.881562355,4688901.9745576,19,T,1217,948.88156235544,401.974557595328
1663962325.34748,0,71125,0,GPS1_Frame,42.3333483333333,-71.0883566666667,17.3,327949.261694546,4688900.66894779,19,T,1218,949.261694545858,400.668947789818
1663962326.39082,0,71126,0,GPS1_Frame,42.3333383333333,-71.0883516666667,17.5,327949.646371674,4688899.54840853,19,T,1219,949.646371673793,399.548408526927
1663962327.38755,0,71127,0,GPS1_Frame,42.3333266666667,-71.088345,17.6,327950.163819481,4688898.23942673,19,T,1220,950.163819481153,398.239426732995
1663962328.34911,0,71128,0,GPS1_Frame,42.3333166666667,-71.08834,17.6,327950.54849691,4688897.11888753,19,T,1221,950.54849691008,397.118887529708
1663962329.39046,0,71129,0,GPS1_Frame,42.3333066666667,-71.0883333333333,17.7,327951.07048983,4688895.99497634,19,T,1222,951.070489830279,395.994976335205
1663962330.34706,0,71130,0,GPS1_Frame,42.3332983333333,-71.0883266666667,17.7,327951.597027648,4688895.0561357,19,T,1223,951.597027647542,395.056135699153
1663962331.35054,0,71131,0,GPS1_Frame,42.3332883333333,-71.0883216666667,17.8,327951.981705518,4688893.93559659,19,T,1224,951.981705517857,393.935596592724
1663962332.34953,0,71132,0,GPS1_Frame,42.33328,-71.088315,17.8,327952.50824363,4688892.99675604,19,T,1225,952.508243629593,392.996756034903
1663962333.3523,0,71133,0,GPS1_Frame,42.33327,-71.08831,17.8,327952.892921782,4688891.87621699,19,T,1226,952.892921781517,391.876216989942
1663962334.35515,0,71134,0,GPS1_Frame,42.3332583333333,-71.0883066666667,18.1,327953.135739946,4688890.57397944,19,T,1227,953.135739945865,390.573979435489
1663962335.35274,0,71135,0,GPS1_Frame,42.333245,-71.088305,18.3,327953.236698069,4688889.09004335,19,T,1228,953.236698069144,389.090043353848
1663962336.35181,0,71136,0,GPS1_Frame,42.3332333333333,-71.088305,18.3,327953.20488541,4688887.79454976,19,T,1229,953.204885410378,387.794549763203
1663962337.34974,0,71137,0,GPS1_Frame,42.33322,-71.0883066666667,18.3,327953.031212555,4688886.31735764,19,T,1230,953.031212555245,386.317357638851
1663962338.35115,0,71138,0,GPS1_Frame,42.3332083333333,-71.0883083333333,18.3,327952.862084321,4688885.02523603,19,T,1231,952.862084321445,385.025236031041
1663962339.39139,0,71139,0,GPS1_Frame,42.333195,-71.0883116666667,18.5,327952.551095773,4688883.5514159,19,T,1232,952.551095772767,383.551415898837
1663962340.3528,0,71140,0,GPS1_Frame,42.33318,-71.0883116666667,18.7,327952.510193693,4688881.8857813,19,T,1233,952.510193693102,381.885781294666
1663962341.39058,0,71141,0,GPS1_Frame,42.3331683333333,-71.08831,18.8,327952.615696627,4688880.58691574,19,T,1234,952.615696627181,380.586915735155
1663962342.3807,0,71142,0,GPS1_Frame,42.333155,-71.0883083333333,19,327952.716654954,4688879.10297967,19,T,1235,952.716654953722,379.102979668416
1663962343.3797,0,71143,0,GPS1_Frame,42.3331433333333,-71.088305,19.1,327952.959473713,4688877.80074214,19,T,1236,952.959473712952,377.800742141902
1663962344.34993,0,71144,0,GPS1_Frame,42.3331316666667,-71.0883016666667,19.2,327953.202292583,4688876.49850463,19,T,1237,953.202292583184,376.498504632153
1663962345.39179,0,71145,0,GPS1_Frame,42.3331216666667,-71.0882983333333,19.4,327953.449656203,4688875.38133764,19,T,1238,953.449656202691,375.381337643601
1663962346.34753,0,71146,0,GPS1_Frame,42.33311,-71.0882933333333,19.3,327953.829791061,4688874.07572821,19,T,1239,953.829791061347,374.075728205033
1663962347.35226,0,71147,0,GPS1_Frame,42.3331,-71.0882866666667,19.2,327954.3517865,4688872.95181736,19,T,1240,954.351786499552,372.95181735605
1663962348.35416,0,71148,0,GPS1_Frame,42.33309,-71.08828,19.3,327954.873782117,4688871.82790655,19,T,1241,954.873782117153,371.827906553633
1663962349.35433,0,71149,0,GPS1_Frame,42.3330816666667,-71.0882733333333,19.3,327955.400322495,4688870.88906631,19,T,1242,955.400322494563,370.889066305943
1663962350.38681,0,71150,0,GPS1_Frame,42.3330733333333,-71.088265,19.3,327956.064178882,4688869.94685419,19,T,1243,956.064178881701,369.946854192764
1663962351.34746,0,71151,0,GPS1_Frame,42.333065,-71.0882566666667,19.3,327956.728035454,4688869.00464215,19,T,1244,956.728035453649,369.004642150365
1663962352.34601,0,71152,0,GPS1_Frame,42.3330566666667,-71.0882483333333,19.2,327957.39189221,4688868.06243017,19,T,1245,957.391892210464,368.06243017409
1663962353.38825,0,71153,0,GPS1_Frame,42.3330483333333,-71.08824,19.2,327958.055749152,4688867.12021827,19,T,1246,958.055749152089,367.120218270458
1663962354.34942,0,71154,0,GPS1_Frame,42.33304,-71.08823,19.1,327958.85692221,4688866.17463458,19,T,1247,958.856922209845,366.174634582363
1663962355.35371,0,71155,0,GPS1_Frame,42.33303,-71.08822,19.1,327959.653551029,4688865.04398049,19,T,1248,959.653551028576,365.043980488554
1663962356.38905,0,71156,0,GPS1_Frame,42.33302,-71.0882116666667,19.1,327960.312864137,4688863.91669832,19,T,1249,960.312864136882,363.916698316112
1663962357.39453,0,71157,0,GPS1_Frame,42.3330116666667,-71.0882033333333,19.1,327960.976721892,4688862.97448672,19,T,1250,960.976721891784,362.97448671516
1663962358.35297,0,71158,0,GPS1_Frame,42.333005,-71.0881933333333,19.2,327961.782440246,4688862.2139739,19,T,1251,961.782440246199,362.213973899372
1663962359.35328,0,71159,0,GPS1_Frame,42.3329966666667,-71.0881833333333,19.2,327962.583614395,4688861.26839068,19,T,1252,962.583614395349,361.268390676007
1663962360.34828,0,71160,0,GPS1_Frame,42.3329866666667,-71.0881733333333,19.3,327963.380244411,4688860.13773705,19,T,1253,963.380244411004,360.137737047859
1663962361.35465,0,71161,0,GPS1_Frame,42.3329766666667,-71.088165,19.5,327964.039558622,4688859.01045527,19,T,1254,964.039558622113,359.01045526471
1663962362.35229,0,71162,0,GPS1_Frame,42.3329666666667,-71.0881583333333,19.5,327964.561556963,4688857.88654528,19,T,1255,964.561556963425,357.886545282789
1663962363.37847,0,71163,0,GPS1_Frame,42.3329566666667,-71.0881516666667,19.5,327965.083555486,4688856.76263535,19,T,1256,965.08355548617,356.762635346502
1663962364.39092,0,71164,0,GPS1_Frame,42.3329466666667,-71.0881416666667,19.5,327965.880186456,4688855.63198204,19,T,1257,965.880186456023,355.631982037798
1663962365.3525,0,71165,0,GPS1_Frame,42.33294,-71.0881316666667,19.5,327966.685906215,4688854.87146983,19,T,1258,966.685906214989,354.871469832025
1663962366.35265,0,71166,0,GPS1_Frame,42.3329316666667,-71.08812,19.6,327967.624398081,4688853.92251555,19,T,1259,967.624398081447,353.92251555156
1663962367.35184,0,71167,0,GPS1_Frame,42.332925,-71.0881083333333,19.7,327968.56743441,4688853.15863191,19,T,1260,968.567434410215,353.158631904982
1663962368.42087,0,71168,0,GPS1_Frame,42.33292,-71.0880966666667,19.7,327969.51501513,4688852.5798189,19,T,1261,969.515015129698,352.579818895087
1663962369.347,0,71169,0,GPS1_Frame,42.332915,-71.0880833333333,19.7,327970.599912207,4688851.99763441,19,T,1262,970.599912206759,351.99763440527
1663962370.35332,0,71170,0,GPS1_Frame,42.33291,-71.0880716666667,19.8,327971.547493243,4688851.41882168,19,T,1263,971.547493243357,351.418821681291
1663962371.349,0,71171,0,GPS1_Frame,42.3329066666667,-71.08806,19.8,327972.499618534,4688851.02507959,19,T,1264,972.499618533533,351.025079590268
1663962372.38641,0,71172,0,GPS1_Frame,42.3329016666667,-71.0880483333333,20,327973.447199851,4688850.44626714,19,T,1265,973.447199850576,350.44626713451
1663962373.35215,0,71173,0,GPS1_Frame,42.3328966666667,-71.0880383333333,20.1,327974.257465079,4688849.87082635,19,T,1266,974.257465078728,349.870826345868
1663962374.39067,0,71174,0,GPS1_Frame,42.33289,-71.0880283333333,20.2,327975.063186404,4688849.11031516,19,T,1267,975.063186404179,349.110315156169
1663962375.34834,0,71175,0,GPS1_Frame,42.3328833333333,-71.0880166666667,20.3,327976.006224179,4688848.34643256,19,T,1268,976.006224178535,348.346432561986
1663962376.39064,0,71176,0,GPS1_Frame,42.3328783333333,-71.0880066666667,20.5,327976.816489854,4688847.77099209,19,T,1269,976.816489854478,347.770992086269
1663962377.35058,0,71177,0,GPS1_Frame,42.3328733333333,-71.087995,20.5,327977.764071957,4688847.19218024,19,T,1270,977.76407195651,347.19218023587
1663962378.38684,0,71178,0,GPS1_Frame,42.3328633333333,-71.0879883333333,19.9,327978.286073471,4688846.06827139,19,T,1271,978.286073471187,346.068271389231
1663962379.35258,0,71179,0,GPS1_Frame,42.332855,-71.08798,19.5,327978.949935423,4688845.12606164,19,T,1272,978.949935422628,345.126061636955
1663962380.3901,0,71180,0,GPS1_Frame,42.3328483333333,-71.08797,19.2,327979.755657817,4688844.36555103,19,T,1273,979.755657816946,344.365551025607
1663962381.35221,0,71181,0,GPS1_Frame,42.3328433333333,-71.08796,19,327980.565924262,4688843.79011101,19,T,1274,980.565924262279,343.790111007169
1663962382.34804,0,71182,0,GPS1_Frame,42.3328416666667,-71.0879466666667,18.9,327981.659911277,4688843.5780693,19,T,1275,981.659911277471,343.578069299459
1663962383.35244,0,71183,0,GPS1_Frame,42.3328416666667,-71.0879333333333,19,327982.758442171,4688843.55109826,19,T,1276,982.758442170918,343.551098259166
1663962384.35287,0,71184,0,GPS1_Frame,42.3328416666667,-71.08792,19,327983.856973066,4688843.52412739,19,T,1277,983.856973065645,343.52412739303
1663962385.35182,0,71185,0,GPS1_Frame,42.332845,-71.087905,19,327985.101907837,4688843.86392637,19,T,1278,985.101907836739,343.863926365972
1663962386.35496,0,71186,0,GPS1_Frame,42.3328483333333,-71.0878916666667,19,327986.209526133,4688844.20709686,19,T,1279,986.209526132792,344.207096861675
1663962387.34873,0,71187,0,GPS1_Frame,42.33285,-71.0878766666667,18.9,327987.44991695,4688844.36182575,19,T,1280,987.449916950427,344.361825748347
1663962388.35579,0,71188,0,GPS1_Frame,42.3328533333333,-71.0878616666667,19,327988.694851368,4688844.70162536,19,T,1281,988.694851367676,344.701625354588
1663962389.35305,0,71189,0,GPS1_Frame,42.3328566666667,-71.087845,19.1,327990.077101983,4688845.03805395,19,T,1282,990.07710198313,345.038053949363
1663962390.39186,0,71190,0,GPS1_Frame,42.3328583333333,-71.0878316666667,19,327991.180176211,4688845.19615472,19,T,1283,991.180176211463,345.196154719219
1663962391.34985,0,71191,0,GPS1_Frame,42.3328616666667,-71.0878166666667,18.9,327992.425110267,4688845.53595498,19,T,1284,992.425110267359,345.535954977386
1663962392.39274,0,71192,0,GPS1_Frame,42.3328666666667,-71.0878033333333,18.9,327993.537271425,4688846.06419711,19,T,1285,993.53727142507,346.064197106287
1663962393.35295,0,71193,0,GPS1_Frame,42.33287,-71.08779,18.7,327994.644888898,4688846.40736891,19,T,1286,994.644888897659,346.407368912362
1663962394.3517,0,71194,0,GPS1_Frame,42.3328733333333,-71.087775,18.7,327995.889822542,4688846.74716977,19,T,1287,995.889822542202,346.747169774026
1663962395.35669,0,71195,0,GPS1_Frame,42.3328783333333,-71.0877616666667,18.7,327997.001983223,4688847.27541244,19,T,1288,997.001983222552,347.275412443094
1663962396.39402,0,71196,0,GPS1_Frame,42.3328816666667,-71.0877483333333,18.7,327998.109600307,4688847.61858478,19,T,1289,998.109600307478,347.618584784679
1663962397.35495,0,71197,0,GPS1_Frame,42.332885,-71.087735,18.7,327999.217217278,4688847.9617573,19,T,1290,999.217217278085,347.961757300422
1663962398.35283,0,71198,0,GPS1_Frame,42.3328883333333,-71.08772,18.7,328000.462150387,4688848.30155896,19,T,1291,1000.46215038747,348.301558960229
1663962399.35335,0,71199,0,GPS1_Frame,42.3328916666667,-71.0877066666667,18.7,328001.569767118,4688848.64473184,19,T,1292,1001.56976711767,348.644731841981
1663962400.39085,0,71200,0,GPS1_Frame,42.3328966666667,-71.0876916666667,18.8,328002.819243271,4688849.16960441,19,T,1293,1002.81924327125,349.169604409486
1663962401.34924,0,71201,0,GPS1_Frame,42.3329,-71.0876783333333,18.8,328003.926859732,4688849.51277766,19,T,1294,1003.92685973248,349.512777655385
1663962402.35197,0,71202,0,GPS1_Frame,42.3329016666667,-71.087665,18.9,328005.029932833,4688849.67088058,19,T,1295,1005.02993283328,349.670880578458
1663962403.34939,0,71203,0,GPS1_Frame,42.3329016666667,-71.08765,18.9,328006.265778892,4688849.64054226,19,T,1296,1006.26577889244,349.640542262234
1663962404.34537,0,71204,0,GPS1_Frame,42.3329016666667,-71.0876383333333,18.9,328007.226992491,4688849.61694595,19,T,1297,1007.22699249088,349.616945945658
1663962405.38617,0,71205,0,GPS1_Frame,42.3329033333333,-71.087625,19,328008.330065475,4688849.77504938,19,T,1298,1008.33006547502,349.775049381889
1663962406.35198,0,71206,0,GPS1_Frame,42.3329033333333,-71.0876116666667,19,328009.428595273,4688849.7480825,19,T,1299,1009.42859527259,349.748082496226
1663962407.38841,0,71207,0,GPS1_Frame,42.332905,-71.0875983333333,19,328010.531668166,4688849.90618628,19,T,1300,1010.53166816599,349.906186279841
1663962408.38811,0,71208,0,GPS1_Frame,42.3329066666667,-71.0875833333333,19,328011.772057219,4688850.06091943,19,T,1301,1011.77205721894,350.060919428244
1663962409.35137,0,71209,0,GPS1_Frame,42.332905,-71.08757,19.1,328012.866043921,4688849.84888259,19,T,1302,1012.86604392057,349.848882585764
1663962410.35933,0,71210,0,GPS1_Frame,42.332905,-71.0875566666667,19.1,328013.964573685,4688849.82191641,19,T,1303,1013.96457368543,349.821916411631
1663962411.35424,0,71211,0,GPS1_Frame,42.3329033333333,-71.0875433333333,19.1,328015.058560475,4688849.60987991,19,T,1304,1015.05856047466,349.60987991374
1663962412.35624,0,71212,0,GPS1_Frame,42.3329,-71.08753,19,328016.148004372,4688849.21277309,19,T,1305,1016.14800437167,349.212773094885
1663962413.35554,0,71213,0,GPS1_Frame,42.3328983333333,-71.0875166666667,19,328017.241991303,4688849.00073694,19,T,1306,1017.24199130264,349.000736944377
1663962414.35483,0,71214,0,GPS1_Frame,42.332895,-71.0875033333334,18.9,328018.331435402,4688848.60363047,19,T,1307,1018.33143540204,348.603630470112
1663962415.39595,0,71215,0,GPS1_Frame,42.3328916666667,-71.08749,18.8,328019.420879619,4688848.20652417,19,T,1308,1019.42087961943,348.206524170935
1663962416.35362,0,71216,0,GPS1_Frame,42.3328883333333,-71.0874766666667,18.8,328020.510323951,4688847.80941804,19,T,1309,1020.51032395056,347.809418043122
1663962417.35434,0,71217,0,GPS1_Frame,42.3328833333333,-71.0874633333333,18.8,328021.595225597,4688847.2272416,19,T,1310,1021.5952255968,347.227241597138
1663962418.35359,0,71218,0,GPS1_Frame,42.33288,-71.08745,18.8,328022.684670189,4688846.83013582,19,T,1311,1022.6846701891,346.830135816708
1663962419.41915,0,71219,0,GPS1_Frame,42.332875,-71.0874366666667,18.7,328023.769572157,4688846.24795972,19,T,1312,1023.7695721573,346.247959717177
1663962420.35404,0,71220,0,GPS1_Frame,42.33287,-71.0874233333333,18.6,328024.854474298,4688845.66578379,19,T,1313,1024.85447429819,345.665783789009
1663962421.35395,0,71221,0,GPS1_Frame,42.3328633333333,-71.0874116666667,18.6,328025.797517619,4688844.90190807,19,T,1314,1025.79751761945,344.901908071712
1663962422.35497,0,71222,0,GPS1_Frame,42.3328583333333,-71.0873983333333,18.5,328026.882420131,4688844.31973247,19,T,1315,1026.88242013054,344.319732470438
1663962423.35426,0,71223,0,GPS1_Frame,42.3328516666667,-71.0873866666667,18.5,328027.825463852,4688843.55585704,19,T,1316,1027.82546385226,343.555857037194
1663962424.42402,0,71224,0,GPS1_Frame,42.332845,-71.0873766666667,18.5,328028.631191428,4688842.79535221,19,T,1317,1028.63119142788,342.795352204703
1663962425.35766,0,71225,0,GPS1_Frame,42.33284,-71.087365,18.4,328029.578778128,4688842.21654751,19,T,1318,1029.57877812785,342.216547510587
1663962426.35226,0,71226,0,GPS1_Frame,42.332835,-71.0873533333333,18.3,328030.526364981,4688841.63774295,19,T,1319,1030.52636498091,341.63774294965
1663962427.3884,0,71227,0,GPS1_Frame,42.33283,-71.0873416666667,18.1,328031.473951987,4688841.05893852,19,T,1320,1031.47395198717,341.058938521892
1663962428.35117,0,71228,0,GPS1_Frame,42.332825,-71.08733,17.9,328032.421539147,4688840.48013423,19,T,1321,1032.42153914657,340.480134229176
1663962429.3902,0,71229,0,GPS1_Frame,42.33282,-71.0873166666667,17.6,328033.506442862,4688839.89795969,19,T,1322,1033.50644286198,339.897959691472
1663962430.35516,0,71230,0,GPS1_Frame,42.3328133333333,-71.087305,17.5,328034.449487889,4688839.13408519,19,T,1323,1034.4494878886,339.134085194208
1663962431.39379,0,71231,0,GPS1_Frame,42.3328083333333,-71.0872916666667,17.4,328035.534391972,4688838.55191099,19,T,1324,1035.53439197224,338.551910986193
1663962432.35742,0,71232,0,GPS1_Frame,42.3328066666667,-71.0872766666667,17.3,328036.765697446,4688838.33650762,19,T,1325,1036.76569744607,338.336507621221
1663962433.35584,0,71233,0,GPS1_Frame,42.3328016666667,-71.0872616666667,17.4,328037.987918276,4688837.7509635,19,T,1326,1037.98791827553,337.750963496044
1663962434.35306,0,71234,0,GPS1_Frame,42.3327966666667,-71.0872466666667,17.5,328039.210139299,4688837.16541959,19,T,1327,1039.21013929904,337.165419591591
1663962435.35085,0,71235,0,GPS1_Frame,42.3327883333333,-71.0872333333333,17.7,328040.285959472,4688836.21310517,19,T,1328,1040.28595947177,336.213105167262
1663962436.35705,0,71236,0,GPS1_Frame,42.3327833333333,-71.0872216666667,17.8,328041.233547981,4688835.63430211,19,T,1329,1041.23354798125,335.634302105755
1663962437.35658,0,71237,0,GPS1_Frame,42.3327783333333,-71.08721,17.7,328042.18113664,4688835.05549918,19,T,1330,1042.18113663979,335.055499181151
1663962438.35717,0,71238,0,GPS1_Frame,42.3327733333333,-71.0871983333333,17.6,328043.128725453,4688834.47669639,19,T,1331,1043.12872545351,334.47669639159
1663962439.35411,0,71239,0,GPS1_Frame,42.33277,-71.0871866666667,17.4,328044.080856608,4688834.08296422,19,T,1332,1044.0808566084,334.082964219153
1663962440.39455,0,71240,0,GPS1_Frame,42.332765,-71.0871733333333,17.4,328045.165762224,4688833.50079155,19,T,1333,1045.16576222418,333.500791552477
1663962441.35574,0,71241,0,GPS1_Frame,42.3327583333333,-71.0871616666667,17.3,328046.108809349,4688832.73691869,19,T,1334,1046.10880934948,332.736918692477
1663962442.39256,0,71242,0,GPS1_Frame,42.3327516666667,-71.08715,17.3,328047.05185668,4688831.97304597,19,T,1335,1047.05185667984,331.973045965657
1663962443.35509,0,71243,0,GPS1_Frame,42.332745,-71.0871383333333,17.3,328047.994904215,4688831.20917337,19,T,1336,1047.9949042151,331.209173372947
1663962444.35624,0,71244,0,GPS1_Frame,42.3327366666667,-71.0871266666667,17.3,328048.933409901,4688830.26023043,19,T,1337,1048.93340990087,330.260230427608
1663962445.35722,0,71245,0,GPS1_Frame,42.3327283333333,-71.0871133333333,17.4,328050.009232443,4688829.30791757,19,T,1338,1050.00923244259,329.307917574421
1663962446.35523,0,71246,0,GPS1_Frame,42.3327233333333,-71.0871016666667,17.3,328050.956822658,4688828.72911589,19,T,1339,1050.95682265807,328.729115886614
1663962447.38993,0,71247,0,GPS1_Frame,42.3327166666667,-71.0870883333333,17.3,328052.037187682,4688827.96187384,19,T,1340,1052.03718768206,327.961873844266
1663962448.35627,0,71248,0,GPS1_Frame,42.3327116666667,-71.087075,17.3,328053.122094878,4688827.37970246,19,T,1341,1053.12209487753,327.379702461883
1663962449.35736,0,71249,0,GPS1_Frame,42.3327066666667,-71.08706,17.3,328054.344318897,4688826.7941613,19,T,1342,1054.34431889741,326.794161295518
1663962450.35911,0,71250,0,GPS1_Frame,42.3327016666667,-71.0870466666667,17.3,328055.429226453,4688826.21199028,19,T,1343,1055.42922645301,326.211990281939
1663962451.39513,0,71251,0,GPS1_Frame,42.332695,-71.087035,17.3,328056.372275663,4688825.44811887,19,T,1344,1056.37227566278,325.448118871078
1663962452.35173,0,71252,0,GPS1_Frame,42.3326883333333,-71.0870216666667,17.3,328057.452641765,4688824.6808777,19,T,1345,1057.45264176489,324.680877701379
1663962453.35554,0,71253,0,GPS1_Frame,42.3326833333333,-71.0870083333333,17.2,328058.537549893,4688824.09870719,19,T,1346,1058.53754989285,324.098707186989
1663962454.35587,0,71254,0,GPS1_Frame,42.3326783333333,-71.0869933333333,17.3,328059.759774906,4688823.513167,19,T,1347,1059.75977490644,323.51316699665
1663962455.35768,0,71255,0,GPS1_Frame,42.3326733333333,-71.08698,17.4,328060.844683397,4688822.93099685,19,T,1348,1060.84468339669,322.930996851996
1663962456.39491,0,71256,0,GPS1_Frame,42.3326683333333,-71.0869666666667,17.5,328061.929592057,4688822.34882688,19,T,1349,1061.92959205742,322.348826881498
1663962457.35363,0,71257,0,GPS1_Frame,42.3326633333333,-71.0869533333333,17.6,328063.014500897,4688821.76665708,19,T,1350,1063.01450089703,321.766657084227
1663962458.39156,0,71258,0,GPS1_Frame,42.3326566666667,-71.0869416666667,17.6,328063.957551513,4688821.00278674,19,T,1351,1063.95755151269,321.002786741592
1663962459.39726,0,71259,0,GPS1_Frame,42.3326516666667,-71.0869283333333,17.6,328065.042460718,4688820.42061727,19,T,1352,1065.04246071837,320.420617271215
1663962460.35733,0,71260,0,GPS1_Frame,42.3326466666667,-71.0869166666667,17.7,328065.990053321,4688819.8418177,19,T,1353,1065.99005332147,319.841817696579
1663962461.35827,0,71261,0,GPS1_Frame,42.33264,-71.086905,17.8,328066.933104515,4688819.07794777,19,T,1354,1066.93310451461,319.077947773971
1663962462.43299,0,71262,0,GPS1_Frame,42.332635,-71.0868916666667,17.8,328068.018014252,4688818.49577878,19,T,1355,1068.0180142523,318.495778781362
1663962463.35366,0,71263,0,GPS1_Frame,42.3326283333333,-71.0868783333333,17.8,328069.098382663,4688817.72853948,19,T,1356,1069.09838266263,317.728539480828
1663962464.36064,0,71264,0,GPS1_Frame,42.3326233333333,-71.0868666666667,17.8,328070.045975948,4688817.14974048,19,T,1357,1070.04597594752,317.149740477093
1663962465.35761,0,71265,0,GPS1_Frame,42.3326183333333,-71.086855,17.7,328070.993569392,4688816.57094161,19,T,1358,1070.99356939166,316.570941606536
1663962466.39179,0,71266,0,GPS1_Frame,42.3326133333333,-71.0868433333333,17.6,328071.941162987,4688815.99214287,19,T,1359,1071.94116298691,315.99214286916
1663962467.35272,0,71267,0,GPS1_Frame,42.3326066666667,-71.08683,17.5,328073.021532198,4688815.2249042,19,T,1360,1073.02153219841,315.224904200993
1663962468.35317,0,71268,0,GPS1_Frame,42.3326016666667,-71.0868166666667,17.5,328074.106443013,4688814.64273619,19,T,1361,1074.10644301312,314.642736187205
1663962469.35772,0,71269,0,GPS1_Frame,42.3325966666667,-71.0868033333333,17.4,328075.191353998,4688814.06056835,19,T,1362,1075.19135399832,314.060568344779
1663962470.35937,0,71270,0,GPS1_Frame,42.33259,-71.08679,17.4,328076.271723854,4688813.2933302,19,T,1363,1076.27172385412,313.293330200016
1663962471.35287,0,71271,0,GPS1_Frame,42.332585,-71.0867766666667,17.3,328077.356635218,4688812.71116271,19,T,1364,1077.35663521825,312.711162704974
1663962472.35687,0,71272,0,GPS1_Frame,42.33258,-71.0867633333333,17.4,328078.441546763,4688812.12899539,19,T,1365,1078.44154676341,312.128995386884
1663962473.36033,0,71273,0,GPS1_Frame,42.332575,-71.08675,17.3,328079.526458479,4688811.54682824,19,T,1366,1079.52645847906,311.546828241087
1663962474.35933,0,71274,0,GPS1_Frame,42.33257,-71.0867366666667,17.2,328080.611370369,4688810.96466127,19,T,1367,1080.61137036944,310.964661268517
1663962475.42532,0,71275,0,GPS1_Frame,42.332565,-71.086725,17.3,328081.558965481,4688810.38586388,19,T,1368,1081.55896548094,310.385863882489
1663962476.35334,0,71276,0,GPS1_Frame,42.33256,-71.0867116666667,17.2,328082.64387771,4688809.80369723,19,T,1369,1082.64387770987,309.80369723402
1663962477.39182,0,71277,0,GPS1_Frame,42.332555,-71.0866983333333,16.9,328083.728790116,4688809.22153076,19,T,1370,1083.72879011574,309.22153076157
1663962478.3595,0,71278,0,GPS1_Frame,42.3325516666667,-71.086685,16.6,328084.818243768,4688808.82443494,19,T,1371,1084.81824376812,308.824434938841
1663962479.39646,0,71279,0,GPS1_Frame,42.3325466666667,-71.08667,16.4,328086.040473489,4688808.23889949,19,T,1372,1086.04047348903,308.238899487071
1663962480.35695,0,71280,0,GPS1_Frame,42.3325416666667,-71.0866566666667,16.3,328087.125386396,4688807.65673356,19,T,1373,1087.12538639607,307.656733558513
1663962481.39543,0,71281,0,GPS1_Frame,42.3325366666667,-71.0866433333333,16.1,328088.210299482,4688807.0745678,19,T,1374,1088.21029948199,307.074567800388
1663962482.35719,0,71282,0,GPS1_Frame,42.3325316666667,-71.0866283333333,16,328089.432529768,4688806.48903296,19,T,1375,1089.43252976809,306.489032960497
1663962483.35721,0,71283,0,GPS1_Frame,42.3325266666667,-71.086615,15.9,328090.517443212,4688805.90686757,19,T,1376,1090.51744321216,305.906867573038
1663962484.35722,0,71284,0,GPS1_Frame,42.3325216666667,-71.0866033333334,15.8,328091.465039782,4688805.32807157,19,T,1377,1091.46503978176,305.328071573749
1663962485.35578,0,71285,0,GPS1_Frame,42.332515,-71.0865916666667,15.7,328092.408095639,4688804.56420523,19,T,1378,1092.40809563914,304.564205233939
1663962486.39376,0,71286,0,GPS1_Frame,42.3325083333333,-71.0865783333333,15.8,328093.488468773,4688803.79696985,19,T,1379,1093.48846877314,303.796969851479
1663962487.38555,0,71287,0,GPS1_Frame,42.3325033333333,-71.0865666666667,15.9,328094.436065867,4688803.21817427,19,T,1380,1094.43606586684,303.218174272217
1663962488.35577,0,71288,0,GPS1_Frame,42.3324966666667,-71.0865533333333,16,328095.516439429,4688802.45093922,19,T,1381,1095.51643942867,302.450939216651
1663962489.35356,0,71289,0,GPS1_Frame,42.33249,-71.0865416666667,16.2,328096.459496107,4688801.68707345,19,T,1382,1096.45949610666,301.687073448673
1663962490.35542,0,71290,0,GPS1_Frame,42.3324833333333,-71.08653,16.4,328097.40255299,4688800.92320782,19,T,1383,1097.40255298966,300.923207814805
1663962491.39664,0,71291,0,GPS1_Frame,42.3324766666667,-71.0865166666667,16.5,328098.48292722,4688800.15597324,19,T,1384,1098.48292721994,300.155973239802
1663962492.39063,0,71292,0,GPS1_Frame,42.3324716666667,-71.0865033333333,16.7,328099.567842361,4688799.57380931,19,T,1385,1099.56784236146,299.573809308931
1663962493.43376,0,71293,0,GPS1_Frame,42.332465,-71.0864916666667,16.8,328100.510899862,4688798.80994411,19,T,1386,1100.51089986227,298.809944113716
1663962494.35929,0,71294,0,GPS1_Frame,42.33246,-71.0864783333333,16.9,328101.59581537,4688798.22778051,19,T,1387,1101.59581536986,298.227780512534
1663962495.35747,0,71295,0,GPS1_Frame,42.3324533333333,-71.086465,16.9,328102.676190464,4688797.46054661,19,T,1388,1102.67619046371,297.460546609014
1663962496.38623,0,71296,0,GPS1_Frame,42.3324466666667,-71.0864533333333,17,328103.619248582,4688796.69668185,19,T,1389,1103.6192485824,296.696681854315
1663962497.3939,0,71297,0,GPS1_Frame,42.33244,-71.08644,17.2,328104.699624132,4688795.92944828,19,T,1390,1104.69962413167,295.929448280483
1663962498.35538,0,71298,0,GPS1_Frame,42.332435,-71.0864266666667,17.2,328105.784540414,4688795.34728535,19,T,1391,1105.7845404137,295.347285350785
1663962499.35331,0,71299,0,GPS1_Frame,42.3324283333333,-71.0864133333333,17.2,328106.864916401,4688794.58005213,19,T,1392,1106.86491640098,294.580052126199
1663962500.35894,0,71300,0,GPS1_Frame,42.3324233333333,-71.0864,17.3,328107.949833066,4688793.99788954,19,T,1393,1107.94983306603,293.997889542021
1663962501.35435,0,71301,0,GPS1_Frame,42.332415,-71.0863883333333,17.5,328108.888351795,4688793.04895506,19,T,1394,1108.88835179526,293.048955063336
1663962502.39606,0,71302,0,GPS1_Frame,42.3324083333333,-71.086375,17.6,328109.968728467,4688792.28172234,19,T,1395,1109.96872846747,292.281722336076
1663962503.35689,0,71303,0,GPS1_Frame,42.3324033333333,-71.0863616666667,17.5,328111.053645734,4688791.69956026,19,T,1396,1111.05364573433,291.699560255744
1663962504.35443,0,71304,0,GPS1_Frame,42.3323983333333,-71.0863483333333,17.5,328112.138563174,4688791.11739835,19,T,1397,1112.13856317388,291.117398347706
1663962505.36046,0,71305,0,GPS1_Frame,42.3323933333333,-71.086335,17.5,328113.223480788,4688790.53523661,19,T,1398,1113.22348078806,290.535236612894
1663962506.42797,0,71306,0,GPS1_Frame,42.3323883333333,-71.0863216666667,17.5,328114.308398579,4688789.95307505,19,T,1399,1114.30839857913,289.95307505317
1663962507.3588,0,71307,0,GPS1_Frame,42.3323833333333,-71.0863083333333,17.5,328115.393316541,4688789.37091367,19,T,1400,1115.39331654063,289.370913666673
1663962508.39614,0,71308,0,GPS1_Frame,42.3323766666667,-71.086295,17.5,328116.47369447,4688788.60368199,19,T,1401,1116.47369446978,288.603681987151
1663962509.39679,0,71309,0,GPS1_Frame,42.3323716666667,-71.0862833333333,17.5,328117.421295441,4688788.02488964,19,T,1402,1117.42129544122,288.02488964051
1663962510.36069,0,71310,0,GPS1_Frame,42.332365,-71.0862716666667,17.4,328118.364356406,4688787.26102697,19,T,1403,1118.36435640627,287.261026965454
1663962511.35914,0,71311,0,GPS1_Frame,42.3323583333333,-71.08626,17.4,328119.307417576,4688786.49716442,19,T,1404,1119.30741757643,286.497164423577
1663962512.35761,0,71312,0,GPS1_Frame,42.3323516666667,-71.0862483333333,17.6,328120.250478951,4688785.73330202,19,T,1405,1120.25047895149,285.73330201488
1663962513.39593,0,71313,0,GPS1_Frame,42.332345,-71.0862383333333,17.7,328121.056223101,4688784.97280836,19,T,1406,1121.05622310075,284.972808362916
1663962514.35497,0,71314,0,GPS1_Frame,42.3323366666667,-71.0862283333333,17.7,328121.857427363,4688784.02724434,19,T,1407,1121.8574273634,284.027244344354
1663962515.36058,0,71315,0,GPS1_Frame,42.33233,-71.0862183333333,17.8,328122.663171887,4688783.26675089,19,T,1408,1122.66317188717,283.266750887968
1663962516.47573,0,71316,0,GPS1_Frame,42.3323216666667,-71.0862083333333,17.8,328123.464376571,4688782.32118707,19,T,1409,1123.46437657147,282.321187068708
1663962517.43448,0,71317,0,GPS1_Frame,42.332315,-71.0861983333333,17.9,328124.27012147,4688781.56069381,19,T,1410,1124.27012146986,281.560693810694
1663962518.36129,0,71318,0,GPS1_Frame,42.3323066666667,-71.0861883333333,17.9,328125.071326574,4688780.61513019,19,T,1411,1125.07132657373,280.615130189806
1663962519.35932,0,71319,0,GPS1_Frame,42.3323016666667,-71.0861783333333,18,328125.881611799,4688780.03970759,19,T,1412,1125.88161179912,280.039707592688
1663962520.36011,0,71320,0,GPS1_Frame,42.332295,-71.0861683333333,18,328126.687357226,4688779.27921463,19,T,1413,1126.6873572258,279.279214631766
1663962521.35919,0,71321,0,GPS1_Frame,42.3322883333333,-71.0861583333333,18.1,328127.493102831,4688778.51872177,19,T,1414,1127.49310283072,278.51872176677
1663962522.36039,0,71322,0,GPS1_Frame,42.3322816666667,-71.08615,18.1,328128.161531041,4688777.76159748,19,T,1415,1128.16153104149,277.761597483419
1663962523.35962,0,71323,0,GPS1_Frame,42.332275,-71.0861416666667,18.1,328128.829959404,4688777.00447327,19,T,1416,1128.82995940372,277.004473267123
1663962524.35845,0,71324,0,GPS1_Frame,42.33227,-71.086135,18.1,328129.365610167,4688776.43578804,19,T,1417,1129.36561016727,276.435788036324
1663962525.39735,0,71325,0,GPS1_Frame,42.3322633333333,-71.0861266666667,18.2,328130.034038789,4688775.67866395,19,T,1418,1130.03403878858,275.678663944826
1663962526.35946,0,71326,0,GPS1_Frame,42.3322583333333,-71.0861166666667,18.2,328130.84432499,4688775.10324195,19,T,1419,1130.84432498971,275.103241953067
1663962527.36077,0,71327,0,GPS1_Frame,42.332255,-71.0861066666667,18.2,328131.659151115,4688774.71289052,19,T,1420,1131.65915111464,274.712890522555
1663962528.3999,0,71328,0,GPS1_Frame,42.33225,-71.086095,18.2,328132.606755195,4688774.13410034,19,T,1421,1132.60675519542,274.13410033565
1663962529.36,0,71329,0,GPS1_Frame,42.332245,-71.086085,18.2,328133.41704178,4688773.55867866,19,T,1422,1133.41704177967,273.558678654954
1663962530.43036,0,71330,0,GPS1_Frame,42.33224,-71.0860733333333,18.3,328134.364646152,4688772.97988872,19,T,1423,1134.36464615166,272.97988871485
1663962531.36007,0,71331,0,GPS1_Frame,42.3322366666667,-71.0860633333333,18.2,328135.179472704,4688772.58953771,19,T,1424,1135.17947270407,272.589537708089
1663962532.39878,0,71332,0,GPS1_Frame,42.3322333333333,-71.0860533333333,18.3,328135.994299346,4688772.1991868,19,T,1425,1135.99429934577,272.199186798185
1663962533.35582,0,71333,0,GPS1_Frame,42.3322283333333,-71.0860433333333,18.6,328136.804586425,4688771.62376552,19,T,1426,1136.80458642461,271.623765524477
1663962534.35711,0,71334,0,GPS1_Frame,42.332225,-71.086035,18.6,328137.482095572,4688771.2367831,19,T,1427,1137.48209557205,271.236783104017
1663962535.3568,0,71335,0,GPS1_Frame,42.3322216666667,-71.0860266666667,18.6,328138.15960479,4688770.84980075,19,T,1428,1138.15960479039,270.849800749682
1663962536.35536,0,71336,0,GPS1_Frame,42.3322183333333,-71.086015,18.6,328139.111749492,4688770.45608193,19,T,1429,1139.11174949165,270.456081934273
1663962537.3617,0,71337,0,GPS1_Frame,42.3322133333333,-71.0860033333333,18.7,328140.059354733,4688769.87729279,19,T,1430,1140.0593547328,269.877292793244
1663962538.35789,0,71338,0,GPS1_Frame,42.3322083333333,-71.0859916666667,18.7,328141.006960127,4688769.29850379,19,T,1431,1141.00696012715,269.298503785394
1663962539.35872,0,71339,0,GPS1_Frame,42.3322033333333,-71.0859783333333,18.7,328142.091883412,4688768.71634671,19,T,1432,1142.09188341204,268.716346709989
1663962540.36062,0,71340,0,GPS1_Frame,42.3321983333333,-71.0859666666667,18.7,328143.039489121,4688768.13755798,19,T,1433,1143.03948912129,268.13755798433
1663962541.35632,0,71341,0,GPS1_Frame,42.3321933333333,-71.085955,18.6,328143.987094986,4688767.5587694,19,T,1434,1143.98709498579,267.558769396506
1663962542.36135,0,71342,0,GPS1_Frame,42.3321883333333,-71.0859433333333,18.6,328144.934701003,4688766.97998094,19,T,1435,1144.93470100348,266.979980941862
1663962543.36124,0,71343,0,GPS1_Frame,42.332185,-71.08593,18.6,328146.024164352,4688766.58289495,19,T,1436,1146.02416435198,266.582894950174
1663962544.36,0,71344,0,GPS1_Frame,42.33218,-71.0859183333333,18.7,328146.971770661,4688766.00410678,19,T,1437,1146.97177066084,266.004106778651
1663962545.39998,0,71345,0,GPS1_Frame,42.3321766666667,-71.085905,18.8,328148.061234265,4688765.60702111,19,T,1438,1148.06123426527,265.607021112926
1663962546.35985,0,71346,0,GPS1_Frame,42.3321716666667,-71.0858916666667,18.8,328149.146158667,4688765.02486517,19,T,1439,1149.14615866682,265.024865165353
1663962547.35808,0,71347,0,GPS1_Frame,42.3321666666667,-71.0858783333333,18.8,328150.231083247,4688764.44270939,19,T,1440,1150.23108324735,264.442709390074
1663962548.40185,0,71348,0,GPS1_Frame,42.3321633333333,-71.0858666666667,18.7,328151.183229435,4688764.04899226,19,T,1441,1151.1832294346,264.048992264085
1663962549.35998,0,71349,0,GPS1_Frame,42.3321583333333,-71.0858533333333,18.7,328152.268154322,4688763.46683681,19,T,1442,1152.26815432205,263.466836814769
1663962550.36271,0,71350,0,GPS1_Frame,42.3321533333333,-71.0858416666667,18.7,328153.215761541,4688762.88804952,19,T,1443,1153.21576154116,262.888049514964
1663962551.36117,0,71351,0,GPS1_Frame,42.33215,-71.0858283333333,18.8,328154.305225942,4688762.49096485,19,T,1444,1154.30522594193,262.490964847617
1663962552.40083,0,71352,0,GPS1_Frame,42.332145,-71.0858166666667,18.8,328155.252833452,4688761.91217784,19,T,1445,1155.25283345231,261.912177837454
1663962553.3628,0,71353,0,GPS1_Frame,42.33214,-71.085805,18.8,328156.200441116,4688761.33339096,19,T,1446,1156.20044111577,261.333390957676
1663962554.36172,0,71354,0,GPS1_Frame,42.332135,-71.0857916666667,19,328157.285366815,4688760.75123631,19,T,1447,1157.28536681493,260.751236313023
1663962555.35627,0,71355,0,GPS1_Frame,42.33213,-71.0857816666667,19,328158.095656902,4688760.1758176,19,T,1448,1158.09565690206,260.175817603245
1663962556.39592,0,71356,0,GPS1_Frame,42.332125,-71.0857683333333,19,328159.180582927,4688759.59366326,19,T,1449,1159.18058292702,259.593663260341
1663962557.35662,0,71357,0,GPS1_Frame,42.33212,-71.0857566666667,19,328160.128191214,4688759.01487693,19,T,1450,1160.12819121382,259.0148769347
1663962558.36356,0,71358,0,GPS1_Frame,42.3321133333333,-71.0857433333333,19.1,328161.208578595,4688758.24765247,19,T,1451,1161.20857859519,258.247652465478
1663962559.39724,0,71359,0,GPS1_Frame,42.3321083333333,-71.0857333333333,19.2,328162.018869283,4688757.67223423,19,T,1452,1162.0188692825,257.672234225087
1663962560.39936,0,71360,0,GPS1_Frame,42.332105,-71.0857216666667,19.2,328162.971016993,4688757.27851875,19,T,1453,1162.97101699287,257.278518753126
1663962561.36235,0,71361,0,GPS1_Frame,42.3321,-71.08571,19.2,328163.918625892,4688756.69973296,19,T,1454,1163.91862589214,256.69973295927
1663962562.35864,0,71362,0,GPS1_Frame,42.3320933333333,-71.0856983333333,19.2,328164.861696058,4688755.93587685,19,T,1455,1164.86169605789,255.935876845382
1663962563.4009,0,71363,0,GPS1_Frame,42.3320883333333,-71.0856866666667,19.3,328165.809305289,4688755.35709132,19,T,1456,1165.80930528929,255.357091318816
1663962564.35902,0,71364,0,GPS1_Frame,42.332085,-71.085675,19.4,328166.761453507,4688754.96337638,19,T,1457,1166.76145350677,254.963376377709
1663962565.36328,0,71365,0,GPS1_Frame,42.3320816666667,-71.0856633333333,19.4,328167.71360183,4688754.56966157,19,T,1458,1167.71360182989,254.569661566056
1663962566.39933,0,71366,0,GPS1_Frame,42.33208,-71.0856516666667,19.5,328168.670289034,4688754.36101734,19,T,1459,1168.67028903414,254.361017339863
1663962567.35939,0,71367,0,GPS1_Frame,42.3320783333333,-71.0856383333333,19.5,328169.764294298,4688754.14900559,19,T,1460,1169.76429429767,254.149005592801
1663962568.39502,0,71368,0,GPS1_Frame,42.3320783333333,-71.0856266666667,19.6,328170.725520335,4688754.1254321,19,T,1461,1170.72552033514,254.125432101078
1663962569.35454,0,71369,0,GPS1_Frame,42.3320783333333,-71.0856166666667,19.6,328171.549428369,4688754.10522636,19,T,1462,1171.54942836933,254.105226355605
1663962570.35516,0,71370,0,GPS1_Frame,42.3320833333333,-71.0856066666667,19.6,328172.386952458,4688754.64023206,19,T,1463,1172.38695245842,254.640232057311
1663962571.35593,0,71371,0,GPS1_Frame,42.3320916666667,-71.0855983333333,19.5,328173.096235772,4688755.54874635,19,T,1464,1173.0962357719,255.548746344633
1663962572.38541,0,71372,0,GPS1_Frame,42.3321,-71.0855933333333,19.4,328173.530882993,4688756.46399585,19,T,1465,1173.53088299261,256.463995848782
1663962573.35586,0,71373,0,GPS1_Frame,42.33211,-71.0855883333333,19.4,328173.970068752,4688757.56431583,19,T,1466,1173.97006875218,257.564315830357
1663962574.35948,0,71374,0,GPS1_Frame,42.33212,-71.0855833333333,19.3,328174.40925439,4688758.66463584,19,T,1467,1174.40925439034,258.664635838941
1663962575.35988,0,71375,0,GPS1_Frame,42.3321283333333,-71.0855783333333,19.2,328174.843901275,4688759.57988542,19,T,1468,1174.84390127461,259.579885417596
1663962576.39319,0,71376,0,GPS1_Frame,42.3321366666667,-71.0855716666667,19,328175.415865929,4688760.49176748,19,T,1469,1175.41586592858,260.491767476313
1663962577.39062,0,71377,0,GPS1_Frame,42.332145,-71.0855633333333,18.9,328176.125148302,4688761.40028205,19,T,1470,1176.12514830183,261.40028204862
1663962578.393,0,71378,0,GPS1_Frame,42.332155,-71.0855566666667,18.8,328176.701651239,4688762.49723466,19,T,1471,1176.70165123936,262.497234656475
1663962579.35469,0,71379,0,GPS1_Frame,42.3321633333333,-71.0855516666667,18.7,328177.136297617,4688763.41248437,19,T,1472,1177.13629761711,263.412484370172
1663962580.39615,0,71380,0,GPS1_Frame,42.3321733333333,-71.0855466666667,18.7,328177.575482452,4688764.51280456,19,T,1473,1177.5754824524,264.512804558501
1663962581.3602,0,71381,0,GPS1_Frame,42.3321833333333,-71.0855383333333,18.6,328178.289302715,4688765.60638979,19,T,1474,1178.28930271487,265.606389785185
1663962582.35856,0,71382,0,GPS1_Frame,42.3321916666667,-71.0855316666667,18.7,328178.861266477,4688766.51827211,19,T,1475,1178.86126647668,266.518272106536
1663962583.39727,0,71383,0,GPS1_Frame,42.3321983333333,-71.0855266666667,18.6,328179.291373838,4688767.24845149,19,T,1476,1179.29137383809,267.248451489024
1663962584.35866,0,71384,0,GPS1_Frame,42.3322083333333,-71.0855183333333,18.7,328180.005193579,4688768.34203688,19,T,1477,1180.00519357919,268.342036880553
1663962585.36049,0,71385,0,GPS1_Frame,42.3322166666667,-71.0855116666667,18.6,328180.577156918,4688769.25391933,19,T,1478,1180.57715691772,269.253919334151
1663962586.35937,0,71386,0,GPS1_Frame,42.3322233333333,-71.0855033333333,18.7,328181.281899325,4688769.97736394,19,T,1479,1181.28189932543,269.977363939397
1663962587.36316,0,71387,0,GPS1_Frame,42.3322333333333,-71.0854933333333,18.7,328182.133036167,4688771.0675821,19,T,1480,1182.13303616736,271.06758210063
1663962588.36206,0,71388,0,GPS1_Frame,42.3322433333333,-71.0854866666667,18.7,328182.709537462,4688772.16453517,19,T,1481,1182.70953746227,272.164535166696
1663962589.36151,0,71389,0,GPS1_Frame,42.3322533333333,-71.0854783333333,18.7,328183.423356215,4688773.25812088,19,T,1482,1183.42335621454,273.258120883256
1663962590.39038,0,71390,0,GPS1_Frame,42.3322633333333,-71.0854716666667,18.8,328183.999857149,4688774.35507405,19,T,1483,1183.9998571492,274.355074051768
1663962591.36099,0,71391,0,GPS1_Frame,42.3322733333333,-71.085465,18.8,328184.576357915,4688775.45202726,19,T,1484,1184.57635791466,275.452027260326
1663962592.36306,0,71392,0,GPS1_Frame,42.3322833333333,-71.08546,18.8,328185.015540958,4688776.55234788,19,T,1485,1185.01554095832,276.552347878925
1663962593.36265,0,71393,0,GPS1_Frame,42.3322933333333,-71.0854533333333,18.7,328185.592041407,4688777.64930117,19,T,1486,1185.59204140719,277.64930116944
1663962594.36224,0,71394,0,GPS1_Frame,42.332305,-71.0854466666667,18.7,328186.173080044,4688778.93132495,19,T,1487,1186.17308004363,278.931324954145
1663962595.42867,0,71395,0,GPS1_Frame,42.3323133333333,-71.08544,18.7,328186.745041799,4688779.84320788,19,T,1488,1186.74504179921,279.843207875267
1663962596.36064,0,71396,0,GPS1_Frame,42.3323216666667,-71.0854333333333,18.6,328187.317003413,4688780.75509084,19,T,1489,1187.31700341305,280.75509083923
1663962597.36058,0,71397,0,GPS1_Frame,42.33233,-71.0854283333333,18.6,328187.751647428,4688781.67034116,19,T,1490,1187.75164742814,281.670341159217
1663962598.39934,0,71398,0,GPS1_Frame,42.3323366666667,-71.0854233333333,18.5,328188.181753029,4688782.40052105,19,T,1491,1188.18175302894,282.400521051139
1663962599.36222,0,71399,0,GPS1_Frame,42.3323433333333,-71.0854183333333,18.4,328188.611858545,4688783.13070097,19,T,1492,1188.61185854475,283.130700966343
1663962600.36091,0,71400,0,GPS1_Frame,42.3323516666667,-71.08541,18.3,328189.321137083,4688784.03921679,19,T,1493,1189.32113708323,284.039216785692
1663962601.36107,0,71401,0,GPS1_Frame,42.3323616666667,-71.0854033333333,18.2,328189.897636317,4688785.1361704,19,T,1494,1189.89763631742,285.136170401238
1663962602.3631,0,71402,0,GPS1_Frame,42.33237,-71.0853966666667,18.1,328190.469597129,4688786.04805361,19,T,1495,1190.46959712857,286.048053605482
1663962603.42705,0,71403,0,GPS1_Frame,42.33238,-71.0853883333333,18.1,328191.183413388,4688787.14164006,19,T,1496,1191.18341338763,287.141640056856
1663962604.36224,0,71404,0,GPS1_Frame,42.33239,-71.085385,18.1,328191.485277456,4688788.2453283,19,T,1497,1191.48527745635,288.245328300633
1663962605.36375,0,71405,0,GPS1_Frame,42.3323983333333,-71.08538,18.1,328191.919920527,4688789.16057886,19,T,1498,1191.91992052714,289.160578859039
1663962606.3645,0,71406,0,GPS1_Frame,42.332405,-71.085375,17.9,328192.350025283,4688789.89075899,19,T,1499,1192.35002528294,289.890758987516
1663962607.39767,0,71407,0,GPS1_Frame,42.3324133333333,-71.0853683333333,17.8,328192.92198543,4688790.80264238,19,T,1500,1192.92198543018,290.802642378956
1663962608.35729,0,71408,0,GPS1_Frame,42.3324216666667,-71.0853616666667,17.7,328193.493945431,4688791.71452581,19,T,1501,1193.49394543143,291.714525811374
1663962609.40262,0,71409,0,GPS1_Frame,42.3324316666667,-71.0853533333333,17.7,328194.207760696,4688792.80811255,19,T,1502,1194.20776069601,292.808112549596
1663962610.40072,0,71410,0,GPS1_Frame,42.3324433333333,-71.0853466666667,17.6,328194.788796684,4688794.090137,19,T,1503,1194.78879668377,294.09013699647
1663962611.36374,0,71411,0,GPS1_Frame,42.3324533333333,-71.08534,17.6,328195.365294337,4688795.18709103,19,T,1504,1195.36529433739,295.187091028318
1663962612.42987,0,71412,0,GPS1_Frame,42.3324633333333,-71.0853316666667,17.6,328196.07910899,4688796.28067795,19,T,1505,1196.07910898968,296.280677944422
1663962613.40357,0,71413,0,GPS1_Frame,42.3324733333333,-71.085325,17.6,328196.655606285,4688797.37763208,19,T,1506,1196.6556062852,297.377632076852
1663962614.36701,0,71414,0,GPS1_Frame,42.3324833333333,-71.0853183333333,17.6,328197.232103409,4688798.47458625,19,T,1507,1197.23210340942,298.474586251192
1663962615.35958,0,71415,0,GPS1_Frame,42.3324933333333,-71.0853116666667,17.5,328197.808600364,4688799.57154047,19,T,1508,1197.80860036431,299.571540469304
1663962616.40329,0,71416,0,GPS1_Frame,42.332505,-71.085305,17.4,328198.389635218,4688800.85356519,19,T,1509,1198.38963521796,300.85356519185
1663962617.36233,0,71417,0,GPS1_Frame,42.3325133333333,-71.0852966666667,17,328199.098910825,4688801.76208193,19,T,1510,1199.09891082509,301.762081934139
1663962618.36368,0,71418,0,GPS1_Frame,42.3325216666667,-71.0852866666667,16.8,328199.945503292,4688802.66723166,19,T,1511,1199.94550329226,302.667231656611
1663962619.39902,0,71419,0,GPS1_Frame,42.3325316666667,-71.0852783333333,16.6,328200.659316535,4688803.76081901,19,T,1512,1200.65931653488,303.760819006711
1663962620.36141,0,71420,0,GPS1_Frame,42.33254,-71.0852716666667,16.5,328201.231274573,4688804.67270303,19,T,1513,1201.23127457348,304.672703028657
1663962621.36548,0,71421,0,GPS1_Frame,42.33255,-71.085265,16.4,328201.807770455,4688805.76965755,19,T,1514,1201.80777045514,305.769657554105
1663962622.3604,0,71422,0,GPS1_Frame,42.33256,-71.0852566666667,16.4,328202.52158312,4688806.86324508,19,T,1515,1202.52158311981,306.863245080225
1663962623.36398,0,71423,0,GPS1_Frame,42.3325716666667,-71.08525,16.3,328203.102616591,4688808.14527016,19,T,1516,1203.1026165908,308.145270165056
1663962624.36404,0,71424,0,GPS1_Frame,42.3325816666667,-71.0852433333333,16.3,328203.679111929,4688809.24222483,19,T,1517,1203.67911192914,309.242224831134
1663962625.36602,0,71425,0,GPS1_Frame,42.3325916666667,-71.085235,16.2,328204.392923984,4688810.33581254,19,T,1518,1204.39292398363,310.335812536068
1663962626.36487,0,71426,0,GPS1_Frame,42.3326016666667,-71.0852283333333,16.3,328204.96941896,4688811.4327673,19,T,1519,1204.96941895958,311.43276730366
1663962627.39728,0,71427,0,GPS1_Frame,42.3326116666667,-71.0852216666667,16.3,328205.545913766,4688812.52972211,19,T,1520,1205.54591376631,312.529722113162
1663962628.3665,0,71428,0,GPS1_Frame,42.33262,-71.085215,16.2,328206.117870526,4688813.4416065,19,T,1521,1206.11787052598,313.441606503911
1663962629.40121,0,71429,0,GPS1_Frame,42.3326283333333,-71.0852066666667,16.2,328206.827143947,4688814.35012398,19,T,1522,1206.82714394701,314.350123979151
1663962630.36593,0,71430,0,GPS1_Frame,42.3326366666667,-71.0852,16.2,328207.399100403,4688815.26200847,19,T,1523,1207.39910040278,315.262008469552
1663962631.40394,0,71431,0,GPS1_Frame,42.332645,-71.085195,16.3,328207.83373995,4688816.17725994,19,T,1524,1207.83373995009,316.177259941585
1663962632.36158,0,71432,0,GPS1_Frame,42.332655,-71.0851916666667,16.4,328208.135600478,4688817.28094884,19,T,1525,1208.13560047757,317.280948838219
1663962633.43408,0,71433,0,GPS1_Frame,42.332665,-71.0851883333333,16.5,328208.437460921,4688818.38463774,19,T,1526,1208.43746092089,318.384637743235
1663962634.36193,0,71434,0,GPS1_Frame,42.332675,-71.0851866666667,16.6,328208.602004579,4688819.49169359,19,T,1527,1208.60200457904,319.491693588905
1663962635.3613,0,71435,0,GPS1_Frame,42.3326816666667,-71.0851866666667,16.8,328208.620155872,4688820.23197544,19,T,1528,1208.62015587196,320.231975438073
1663962636.39545,0,71436,0,GPS1_Frame,42.33269,-71.0851883333333,17.1,328208.505528323,4688821.16069468,19,T,1529,1208.50552832277,321.160694681108
1663962637.36378,0,71437,0,GPS1_Frame,42.3326983333333,-71.08519,17.2,328208.390900814,4688822.08941393,19,T,1530,1208.39090081357,322.089413927868
1663962638.36224,0,71438,0,GPS1_Frame,42.3327066666667,-71.0851933333333,17.3,328208.138956708,4688823.02150012,19,T,1531,1208.13895670779,323.021500117145
1663962639.35767,0,71439,0,GPS1_Frame,42.332715,-71.0851966666667,17.2,328207.887012682,4688823.95358632,19,T,1532,1207.88701268239,323.953586320393
1663962640.36704,0,71440,0,GPS1_Frame,42.3327233333333,-71.0852,17.3,328207.635068729,4688824.88567253,19,T,1533,1207.63506872894,324.885672532022
1663962641.36725,0,71441,0,GPS1_Frame,42.3327333333333,-71.085205,17.5,328207.250346144,4688826.00619618,19,T,1534,1207.25034614373,326.006196178496
1663962642.44451,0,71442,0,GPS1_Frame,42.3327416666667,-71.0852116666667,17.7,328206.723769258,4688826.94501635,19,T,1535,1206.72376925848,326.945016354322
1663962643.36456,0,71443,0,GPS1_Frame,42.3327483333333,-71.08522,17.7,328206.055338079,4688827.70213309,19,T,1536,1206.05533807946,327.702133091167
1663962644.35916,0,71444,0,GPS1_Frame,42.3327566666667,-71.08523,17.7,328205.254128445,4688828.64768736,19,T,1537,1205.25412844488,328.647687360644
1663962645.36492,0,71445,0,GPS1_Frame,42.3327633333333,-71.08524,17.7,328204.44838108,4688829.40817126,19,T,1538,1204.44838108006,329.408171263523
1663962646.4052,0,71446,0,GPS1_Frame,42.33277,-71.08525,17.4,328203.642633895,4688830.16865527,19,T,1539,1203.64263389551,330.168655265123
1663962647.36461,0,71447,0,GPS1_Frame,42.332775,-71.08526,17.4,328202.832348896,4688830.7440689,19,T,1540,1202.83234889567,330.744068898261
1663962648.36396,0,71448,0,GPS1_Frame,42.33278,-71.0852733333333,17.2,328201.747431079,4688831.32621676,19,T,1541,1201.74743107863,331.326216761954
1663962649.40419,0,71449,0,GPS1_Frame,42.3327866666667,-71.085285,17.2,328200.804367944,4688832.09006818,19,T,1542,1200.80436794361,332.090068178251
1663962650.36062,0,71450,0,GPS1_Frame,42.3327933333333,-71.085295,17.1,328199.998621462,4688832.85055262,19,T,1543,1199.99862146215,332.850552621298
1663962651.36726,0,71451,0,GPS1_Frame,42.3328,-71.0853066666667,16.9,328199.055558725,4688833.61440429,19,T,1544,1199.05555872468,333.614404285327
1663962652.36057,0,71452,0,GPS1_Frame,42.3328066666667,-71.0853183333333,16.8,328198.112496194,4688834.37825608,19,T,1545,1198.11249619443,334.378256083466
1663962653.36432,0,71453,0,GPS1_Frame,42.3328116666667,-71.0853316666667,16.7,328197.027579315,4688834.96040471,19,T,1546,1197.02757931501,334.960404710844
1663962654.37086,0,71454,0,GPS1_Frame,42.3328183333333,-71.0853433333333,16.8,328196.084517181,4688835.72425679,19,T,1547,1196.08451718109,335.724256793968
1663962655.39532,0,71455,0,GPS1_Frame,42.332825,-71.085355,16.7,328195.141455252,4688836.48810901,19,T,1548,1195.14145525196,336.488109012134
1663962656.36354,0,71456,0,GPS1_Frame,42.3328316666667,-71.0853666666667,16.7,328194.198393528,4688837.25196136,19,T,1549,1194.198393528,337.251961363479
1663962657.36426,0,71457,0,GPS1_Frame,42.33284,-71.0853783333333,16.5,328193.259870264,4688838.20088432,19,T,1550,1193.25987026375,338.200884317979
1663962658.39955,0,71458,0,GPS1_Frame,42.332845,-71.0853916666667,16.2,328192.174954362,4688838.78303373,19,T,1551,1192.17495436216,338.783033726737
1663962659.3631,0,71459,0,GPS1_Frame,42.3328516666667,-71.0854033333333,16,328191.231893268,4688839.5468865,19,T,1552,1191.23189326754,339.546886499971
1663962660.40552,0,71460,0,GPS1_Frame,42.3328583333333,-71.085415,15.8,328190.28883238,4688840.31073941,19,T,1553,1190.28883237997,340.310739405453
1663962661.40581,0,71461,0,GPS1_Frame,42.332865,-71.0854266666667,15.7,328189.345771693,4688841.07459244,19,T,1554,1189.34577169316,341.074592444114
1663962662.36178,0,71462,0,GPS1_Frame,42.3328716666667,-71.0854366666667,15.6,328188.54002749,4688841.83507828,19,T,1555,1188.54002749047,341.835078283213
1663962663.4047,0,71463,0,GPS1_Frame,42.3328783333333,-71.0854483333333,15.5,328187.596967201,4688842.59893157,19,T,1556,1187.59696720133,342.598931571469
1663962664.36428,0,71464,0,GPS1_Frame,42.3328833333333,-71.08546,15.4,328186.649368683,4688843.17771452,19,T,1557,1186.64936868264,343.177714522928
1663962665.36242,0,71465,0,GPS1_Frame,42.3328883333333,-71.0854716666667,15.4,328185.701770313,4688843.7564976,19,T,1558,1185.70177031273,343.756497604772
1663962666.39784,0,71466,0,GPS1_Frame,42.332895,-71.0854833333333,15.4,328184.758710589,4688844.52035129,19,T,1559,1184.75871058868,344.520351294428
1663962667.40325,0,71467,0,GPS1_Frame,42.3328983333333,-71.0854966666667,15.6,328183.669257819,4688844.9174316,19,T,1560,1183.6692578193,344.917431603186
1663962668.36318,0,71468,0,GPS1_Frame,42.3329033333333,-71.08551,15.8,328182.584343713,4688845.49958256,19,T,1561,1182.58434371313,345.499582556076
1663962669.40284,0,71469,0,GPS1_Frame,42.33291,-71.0855216666667,15.8,328181.641284555,4688846.26343668,19,T,1562,1181.64128455485,346.263436683454
1663962670.36589,0,71470,0,GPS1_Frame,42.3329166666667,-71.085535,15.8,328180.560909422,4688847.03065844,19,T,1563,1180.56090942188,347.03065843787
1663962671.36086,0,71471,0,GPS1_Frame,42.3329216666667,-71.0855483333333,15.8,328179.47599589,4688847.61280989,19,T,1564,1179.4759958901,347.612809890881
1663962672.44068,0,71472,0,GPS1_Frame,42.3329266666667,-71.08556,15.8,328178.528398687,4688848.19159398,19,T,1565,1178.52839868702,348.191593983211
1663962673.36498,0,71473,0,GPS1_Frame,42.3329316666667,-71.0855716666667,15.8,328177.580801641,4688848.77037821,19,T,1566,1177.58080164139,348.770378210582
1663962674.36566,0,71474,0,GPS1_Frame,42.3329366666667,-71.0855833333333,15.8,328176.633204747,4688849.34916257,19,T,1567,1176.63320474676,349.349162568338
1663962675.36513,0,71475,0,GPS1_Frame,42.3329416666667,-71.085595,15.9,328175.685608005,4688849.92794706,19,T,1568,1175.68560800527,349.927947059274
1663962676.36626,0,71476,0,GPS1_Frame,42.3329466666667,-71.0856083333333,15.9,328174.600695304,4688850.5100993,19,T,1569,1174.60069530387,350.510099296458
1663962677.36333,0,71477,0,GPS1_Frame,42.3329533333333,-71.0856183333333,15.9,328173.794953771,4688851.27058692,19,T,1570,1173.79495377128,351.270586918108
1663962678.4067,0,71478,0,GPS1_Frame,42.3329633333333,-71.0856266666667,15.8,328173.13560611,4688852.39784795,19,T,1571,1173.13560610992,352.397847945802
1663962679.36518,0,71479,0,GPS1_Frame,42.33297,-71.0856366666667,15.9,328172.32986496,4688853.15833575,19,T,1572,1172.32986495987,353.158335749991
1663962680.36491,0,71480,0,GPS1_Frame,42.332975,-71.0856483333333,15.9,328171.382269081,4688853.73712085,19,T,1573,1171.38226908096,353.737120853737
1663962681.36702,0,71481,0,GPS1_Frame,42.33298,-71.08566,16,328170.434673355,4688854.31590609,19,T,1574,1170.43467335508,354.315906088799
1663962682.40725,0,71482,0,GPS1_Frame,42.332985,-71.0856733333333,15.9,328169.349761752,4688854.89805918,19,T,1575,1169.34976175241,354.89805917535
1663962683.39749,0,71483,0,GPS1_Frame,42.33299,-71.0856833333333,16,328168.539482365,4688855.47347696,19,T,1576,1168.5394823649,355.473476961255
1663962684.4013,0,71484,0,GPS1_Frame,42.3329966666667,-71.085695,16,328167.596426055,4688856.23733307,19,T,1577,1167.59642605484,356.237333073281
1663962685.36569,0,71485,0,GPS1_Frame,42.3330033333333,-71.085705,16,328166.790685944,4688856.99782155,19,T,1578,1166.7906859442,356.997821548022
1663962686.36551,0,71486,0,GPS1_Frame,42.33301,-71.0857166666667,16,328165.847630032,4688857.76167791,19,T,1579,1165.84763003176,357.761677908711
1663962687.36373,0,71487,0,GPS1_Frame,42.3330183333333,-71.0857266666667,16.1,328165.046429317,4688858.70723708,19,T,1580,1165.04642931715,358.707237075083
1663962688.3657,0,71488,0,GPS1_Frame,42.3330266666667,-71.085735,16,328164.382544761,4688859.64942852,19,T,1581,1164.38254476117,359.649428524077
1663962689.36451,0,71489,0,GPS1_Frame,42.3330333333333,-71.085745,16.1,328163.5768054,4688860.40991739,19,T,1582,1163.57680539973,360.409917394631
1663962690.36723,0,71490,0,GPS1_Frame,42.3330416666667,-71.085755,16.1,328162.775605308,4688861.35547684,19,T,1583,1162.77560530754,361.355476843193
1663962691.36714,0,71491,0,GPS1_Frame,42.3330516666667,-71.085765,16.1,328161.97894455,4688862.48610687,19,T,1584,1161.97894455004,362.486106869765
1663962692.3652,0,71492,0,GPS1_Frame,42.3330583333333,-71.085775,16.2,328161.173205784,4688863.24659604,19,T,1585,1161.17320578411,363.246596038342
1663962693.40089,0,71493,0,GPS1_Frame,42.3330666666667,-71.085785,16.3,328160.372006353,4688864.19215579,19,T,1586,1160.37200635287,364.192155784927
1663962694.36552,0,71494,0,GPS1_Frame,42.333075,-71.085795,16.5,328159.570807145,4688865.13771563,19,T,1587,1159.57080714463,365.137715629302
1663962695.39676,0,71495,0,GPS1_Frame,42.3330816666667,-71.085805,16.6,328158.765068952,4688865.89820509,19,T,1588,1158.76506895176,365.898205094039
1663962696.48171,0,71496,0,GPS1_Frame,42.3330883333333,-71.085815,16.7,328157.959330935,4688866.65869466,19,T,1589,1157.95933093503,366.658694657497
1663962697.443,0,71497,0,GPS1_Frame,42.3330966666667,-71.0858233333333,16.6,328157.295448131,4688867.60088683,19,T,1590,1157.2954481307,367.600886834785
1663962698.36959,0,71498,0,GPS1_Frame,42.333105,-71.0858333333333,16.6,328156.494249743,4688868.54644706,19,T,1591,1156.49424974341,368.546447061002
1663962699.40213,0,71499,0,GPS1_Frame,42.33311,-71.085845,16.5,328155.546657233,4688869.12523442,19,T,1592,1155.54665723251,369.125234418549
1663962700.39717,0,71500,0,GPS1_Frame,42.3331166666667,-71.0858533333333,16.5,328154.878235687,4688869.88235636,19,T,1593,1154.87823568733,369.88235636428
1663962701.36642,0,71501,0,GPS1_Frame,42.3331266666667,-71.0858633333333,16.3,328154.081577232,4688871.01298737,19,T,1594,1154.08157723205,371.01298736874
1663962702.36749,0,71502,0,GPS1_Frame,42.333135,-71.085875,16.6,328153.143063975,4688871.96191603,19,T,1595,1153.14306397463,371.961916033179
1663962703.36389,0,71503,0,GPS1_Frame,42.33314,-71.0858866666667,16.7,328152.195472201,4688872.54070387,19,T,1596,1152.1954722011,372.540703865699
1663962704.36564,0,71504,0,GPS1_Frame,42.333145,-71.0858983333333,16.9,328151.247880579,4688873.11949183,19,T,1597,1151.24788057862,373.119491833262
1663962705.39876,0,71505,0,GPS1_Frame,42.3331483333333,-71.0859116666667,17,328150.158433993,4688873.51657756,19,T,1598,1150.15843399294,373.516577555798
1663962706.36624,0,71506,0,GPS1_Frame,42.3331516666667,-71.0859233333333,17.1,328149.206303192,4688873.91029532,19,T,1599,1149.20630319207,373.910295322537
1663962707.36756,0,71507,0,GPS1_Frame,42.3331583333333,-71.085935,17.2,328148.263251484,4688874.67415419,19,T,1600,1148.2632514835,374.674154192209
1663962708.36628,0,71508,0,GPS1_Frame,42.333165,-71.0859466666667,17.2,328147.32019998,4688875.43801319,19,T,1601,1147.32019997988,375.438013194129
1663962709.40575,0,71509,0,GPS1_Frame,42.333175,-71.0859566666667,17.5,328146.523543397,4688876.56864512,19,T,1602,1146.52354339708,376.568645122461
1663962710.3629,0,71510,0,GPS1_Frame,42.3331816666667,-71.0859683333333,17.3,328145.580492341,4688877.33250437,19,T,1603,1145.58049234108,377.332504373975
1663962711.40156,0,71511,0,GPS1_Frame,42.3331866666667,-71.08598,17.2,328144.632901894,4688877.91129328,19,T,1604,1144.63290189393,377.911293276586
1663962712.4063,0,71512,0,GPS1_Frame,42.3331933333333,-71.0859916666667,17.1,328143.689851222,4688878.6751528,19,T,1605,1143.68985122192,378.675152796321
1663962713.36376,0,71513,0,GPS1_Frame,42.3332,-71.086,17.1,328143.021431886,4688879.43227595,19,T,1606,1143.02143188554,379.432275947183
1663962714.40337,0,71514,0,GPS1_Frame,42.3332066666667,-71.0860116666667,16.9,328142.078381595,4688880.1961357,19,T,1607,1142.07838159462,380.196135696955
1663962715.36618,0,71515,0,GPS1_Frame,42.3332133333333,-71.0860216666667,16.7,328141.272647044,4688880.9566273,19,T,1608,1141.27264704416,380.956627295353
1663962716.39718,0,71516,0,GPS1_Frame,42.33322,-71.0860316666667,16.6,328140.466912672,4688881.71711899,19,T,1609,1140.46691267181,381.717118991539
1663962717.36439,0,71517,0,GPS1_Frame,42.333225,-71.0860433333333,16.6,328139.519323232,4688882.29590862,19,T,1610,1139.51932323165,382.295908615924
1663962718.40677,0,71518,0,GPS1_Frame,42.33323,-71.0860533333333,16.6,328138.709049442,4688882.87133004,19,T,1611,1138.70904944197,382.871330039576
1663962719.36634,0,71519,0,GPS1_Frame,42.333235,-71.086065,16.6,328137.761460295,4688883.45011991,19,T,1612,1137.76146029518,383.450119910762
1663962720.39956,0,71520,0,GPS1_Frame,42.33324,-71.0860733333333,16.5,328137.088502259,4688884.02217318,19,T,1613,1137.08850225917,384.022173177451
1663962721.36552,0,71521,0,GPS1_Frame,42.3332416666667,-71.0860816666667,16.5,328136.406464688,4688884.22408554,19,T,1614,1136.40646468813,384.224085535854
1663962722.36924,0,71522,0,GPS1_Frame,42.333245,-71.0860916666667,16.6,328135.591651527,4688884.61443685,19,T,1615,1135.59165152698,384.614436845295
1663962723.40467,0,71523,0,GPS1_Frame,42.3332516666667,-71.0861016666667,16.4,328134.785918182,4688885.37492923,19,T,1616,1134.785918182,385.374929231591
1663962724.36325,0,71524,0,GPS1_Frame,42.3332583333333,-71.0861116666667,16.3,328133.980185017,4688886.13542171,19,T,1617,1133.98018501734,386.135421713814
1663962725.36451,0,71525,0,GPS1_Frame,42.333265,-71.0861233333333,16.3,328133.037136605,4688886.89928274,19,T,1618,1133.03713660507,386.899282742292
1663962726.36665,0,71526,0,GPS1_Frame,42.3332733333333,-71.0861333333333,16.2,328132.235943745,4688887.84484593,19,T,1619,1132.23594374466,387.844845928252
1663962727.36696,0,71527,0,GPS1_Frame,42.3332783333333,-71.0861433333333,16,328131.425671183,4688888.42026823,19,T,1620,1131.42567118316,388.420268232934
1663962728.4068,0,71528,0,GPS1_Frame,42.333285,-71.086155,15.7,328130.482623355,4688889.18412963,19,T,1621,1130.48262335488,389.18412962649
1663962729.36773,0,71529,0,GPS1_Frame,42.33329,-71.0861666666667,15.6,328129.53503572,4688889.76292066,19,T,1622,1129.53503571986,389.762920662761
1663962730.36574,0,71530,0,GPS1_Frame,42.3332933333333,-71.0861766666667,15.5,328128.720223565,4688890.1532728,19,T,1623,1128.720223565,390.153272803873
1663962731.37094,0,71531,0,GPS1_Frame,42.3333,-71.0861883333333,15.5,328127.777176259,4688890.91713458,19,T,1624,1127.77717625932,390.917134576477
1663962732.36848,0,71532,0,GPS1_Frame,42.3333033333333,-71.0862016666667,15.5,328126.687733644,4688891.31422408,19,T,1625,1126.68773364433,391.314224076457
1663962733.40742,0,71533,0,GPS1_Frame,42.33331,-71.0862133333333,15.4,328125.744686713,4688892.07808614,19,T,1626,1125.74468671315,392.078086135909
1663962734.36445,0,71534,0,GPS1_Frame,42.333315,-71.0862283333333,15.3,328124.52246921,4688892.66361507,19,T,1627,1124.52246921038,392.663615068421
1663962735.37089,0,71535,0,GPS1_Frame,42.3333216666667,-71.0862416666667,15.4,328123.442107389,4688893.43084607,19,T,1628,1123.44210738875,393.430846072733
1663962736.3641,0,71536,0,GPS1_Frame,42.3333266666667,-71.086255,15.4,328122.357205593,4688894.01300676,19,T,1629,1122.35720559338,394.013006757945
1663962737.3653,0,71537,0,GPS1_Frame,42.3333333333333,-71.0862666666667,15.2,328121.414159486,4688894.77686943,19,T,1630,1121.41415948572,394.776869427413
1663962738.36687,0,71538,0,GPS1_Frame,42.33334,-71.0862783333333,15.1,328120.471113583,4688895.54073223,19,T,1631,1120.47111358307,395.540732230991
1663962739.36612,0,71539,0,GPS1_Frame,42.3333466666667,-71.0862883333333,15.2,328119.665383132,4688896.30122645,19,T,1632,1119.66538313252,396.301226451062
1663962740.36575,0,71540,0,GPS1_Frame,42.333355,-71.0863,15.1,328118.726877935,4688897.25016,19,T,1633,1118.72687793541,397.250159997493
1663962741.37033,0,71541,0,GPS1_Frame,42.3333633333333,-71.0863133333333,15.2,328117.651057782,4688898.20246243,19,T,1634,1117.65105778218,398.202462432906
1663962742.36861,0,71542,0,GPS1_Frame,42.33337,-71.086325,15.3,328116.708012749,4688898.96632577,19,T,1635,1116.70801274938,398.966325773858
1663962743.40702,0,71543,0,GPS1_Frame,42.3333766666667,-71.0863366666667,15.2,328115.764967924,4688899.73018925,19,T,1636,1115.76496792375,399.730189246126
1663962744.36349,0,71544,0,GPS1_Frame,42.3333833333333,-71.0863483333333,15.2,328114.821923305,4688900.49405285,19,T,1637,1114.82192330505,400.494052852504
1663962745.36916,0,71545,0,GPS1_Frame,42.3333883333333,-71.08636,15.4,328113.874338448,4688901.0728461,19,T,1638,1113.87433844776,401.072846099734
1663962746.40285,0,71546,0,GPS1_Frame,42.333395,-71.0863716666667,15.7,328112.931294209,4688901.83670997,19,T,1639,1112.93129420886,401.836709972471
1663962747.36884,0,71547,0,GPS1_Frame,42.3334,-71.0863833333333,15.9,328111.983709688,4688902.41550348,19,T,1640,1111.98370968789,402.415503483266
1663962748.40856,0,71548,0,GPS1_Frame,42.3334066666667,-71.086395,16.2,328111.040665835,4688903.17936763,19,T,1641,1111.04066583514,403.179367625155
1663962749.40336,0,71549,0,GPS1_Frame,42.3334133333333,-71.0864066666667,16.5,328110.097622187,4688903.9432319,19,T,1642,1110.09762218734,403.943231899291
1663962750.36493,0,71550,0,GPS1_Frame,42.33342,-71.0864166666667,16.7,328109.291893831,4688904.70372738,19,T,1643,1109.29189383099,404.703727384098
1663962751.36471,0,71551,0,GPS1_Frame,42.3334283333333,-71.0864266666667,16.9,328108.490706245,4688905.64929346,19,T,1644,1108.49070624507,405.649293464608
1663962752.36944,0,71552,0,GPS1_Frame,42.333435,-71.0864366666667,17,328107.684978267,4688906.40978915,19,T,1645,1107.68497826747,406.409789145924
1663962753.36563,0,71553,0,GPS1_Frame,42.3334433333333,-71.0864466666667,17,328106.883791101,4688907.35535542,19,T,1646,1106.88379110105,407.355355422944
1663962754.36976,0,71554,0,GPS1_Frame,42.3334533333333,-71.086455,17.2,328106.224459832,4688908.48262331,19,T,1647,1106.22445983166,408.482623311691
1663962755.37057,0,71555,0,GPS1_Frame,42.333465,-71.086465,17.2,328105.432354461,4688909.79833077,19,T,1648,1105.43235446117,409.798330768943
1663962756.36456,0,71556,0,GPS1_Frame,42.3334733333333,-71.086475,17.2,328104.631168007,4688910.74389733,19,T,1649,1104.63116800721,410.743897329085
1663962757.36487,0,71557,0,GPS1_Frame,42.3334833333333,-71.086485,17.1,328103.834522496,4688911.87453449,19,T,1650,1103.83452249644,411.874534488656
1663962758.37091,0,71558,0,GPS1_Frame,42.3334933333333,-71.086495,17.2,328103.03787725,4688913.00517175,19,T,1651,1103.03787724965,413.005171746947
1663962759.36482,0,71559,0,GPS1_Frame,42.3335,-71.0865083333333,17.4,328101.957520904,4688913.77240625,19,T,1652,1101.95752090449,413.772406246513
1663962760.43947,0,71560,0,GPS1_Frame,42.33351,-71.0865183333333,17.7,328101.16087619,4688914.90304374,19,T,1653,1101.16087619029,414.903043737635
1663962761.36888,0,71561,0,GPS1_Frame,42.33352,-71.0865283333333,17.9,328100.36423174,4688916.03368133,19,T,1654,1100.36423174012,416.033681328408
1663962762.40799,0,71562,0,GPS1_Frame,42.3335316666667,-71.0865383333333,18,328099.572128401,4688917.34938952,19,T,1655,1099.57212840079,417.349389521405
1663962763.41032,0,71563,0,GPS1_Frame,42.3335416666667,-71.0865483333333,18.1,328098.775484506,4688918.48002731,19,T,1656,1098.77548450569,418.480027311482
1663962764.367,0,71564,0,GPS1_Frame,42.3335483333333,-71.08656,18.1,328097.832444291,4688919.24389335,19,T,1657,1097.83244429121,419.2438933542
1663962765.40534,0,71565,0,GPS1_Frame,42.333555,-71.0865716666667,18.2,328096.889404282,4688920.00775953,19,T,1658,1096.88940428174,420.007759531029
1663962766.70833,0,71566,0,GPS1_Frame,42.3335616666667,-71.0865816666667,18.3,328096.083679261,4688920.76825665,19,T,1659,1096.08367926057,420.768256648444
1663962767.66364,0,71567,0,GPS1_Frame,42.3335683333333,-71.0865916666667,18.2,328095.277954415,4688921.52875386,19,T,1660,1095.27795441542,421.528753862716
1663962768.36446,0,71568,0,GPS1_Frame,42.3335766666667,-71.0866016666667,18,328094.476770729,4688922.47432168,19,T,1661,1094.47677072883,422.474321680144
1663962769.36675,0,71569,0,GPS1_Frame,42.3335883333333,-71.0866133333333,18.1,328093.547354554,4688923.79339985,19,T,1662,1093.54735455406,423.793399846181
1663962770.36857,0,71570,0,GPS1_Frame,42.3335983333333,-71.0866233333333,18.2,328092.750712406,4688924.92403839,19,T,1663,1092.75071240612,424.924038385041
1663962771.36942,0,71571,0,GPS1_Frame,42.3336083333333,-71.0866316666667,18.2,328092.091385208,4688926.05130775,19,T,1664,1092.09138520842,426.051307745278
1663962772.36901,0,71572,0,GPS1_Frame,42.3336166666667,-71.0866433333333,18.3,328091.152887834,4688927.00024525,19,T,1665,1091.152887834,427.000245251693
1663962773.36687,0,71573,0,GPS1_Frame,42.333625,-71.0866533333333,18.5,328090.351705363,4688927.94581358,19,T,1666,1090.35170536267,427.945813582279
1663962774.37096,0,71574,0,GPS1_Frame,42.3336333333333,-71.0866633333333,18.7,328089.55052311,4688928.89138201,19,T,1667,1089.55052311014,428.891382013448
1663962775.36438,0,71575,0,GPS1_Frame,42.3336416666667,-71.086675,18.8,328088.612026471,4688929.84031989,19,T,1668,1088.612026471,429.840319885872
1663962776.36791,0,71576,0,GPS1_Frame,42.3336483333333,-71.0866866666667,18.9,328087.668988911,4688930.60418739,19,T,1669,1087.66898891085,430.604187387042
1663962777.36498,0,71577,0,GPS1_Frame,42.3336533333333,-71.0867,19.2,328086.584095776,4688931.1863539,19,T,1670,1086.58409577556,431.186353896745
1663962778.36656,0,71578,0,GPS1_Frame,42.3336583333333,-71.0867133333333,19.5,328085.499202811,4688931.76852058,19,T,1671,1085.49920281081,431.768520582467
1663962779.37028,0,71579,0,GPS1_Frame,42.3336633333333,-71.0867233333333,19.9,328084.688939147,4688932.34394859,19,T,1672,1084.6889391467,432.343948589638
1663962780.36588,0,71580,0,GPS1_Frame,42.333665,-71.0867283333333,20.1,328084.28153673,4688932.53912738,19,T,1673,1084.28153673001,432.539127375931
1663962781.37118,0,71581,0,GPS1_Frame,42.3336633333333,-71.08673,20.3,328084.139680899,4688932.3574263,19,T,1674,1084.13968089881,432.357426301576
1663962782.39912,0,71582,0,GPS1_Frame,42.3336666666667,-71.0867283333333,20.2,328084.286077998,4688932.72419789,19,T,1675,1084.28607799823,432.724197885953
1663962783.37066,0,71583,0,GPS1_Frame,42.333675,-71.0867283333333,20.1,328084.308784342,4688933.64955042,19,T,1676,1084.30878434161,433.649550421163
1663962784.36936,0,71584,0,GPS1_Frame,42.3336833333333,-71.0867366666667,20.1,328083.644918097,4688934.59175015,19,T,1677,1083.64491809742,434.591750146821
1663962785.37118,0,71585,0,GPS1_Frame,42.3336916666667,-71.0867483333333,20.2,328082.706423037,4688935.54068887,19,T,1678,1082.7064230371,435.540688864887
1663962786.37306,0,71586,0,GPS1_Frame,42.3337,-71.08676,20.4,328081.767928234,4688936.48962772,19,T,1679,1081.76792823407,436.489627717063
1663962787.36801,0,71587,0,GPS1_Frame,42.3337083333333,-71.08677,20.5,328080.966748153,4688937.4351972,19,T,1680,1080.96674815344,437.43519720342
1663962788.36663,0,71588,0,GPS1_Frame,42.3337166666667,-71.0867833333333,20.7,328079.890939399,4688938.38750583,19,T,1681,1079.89093939937,438.387505824678
1663962789.37412,0,71589,0,GPS1_Frame,42.333725,-71.0867933333333,20.9,328079.089759797,4688939.33307554,19,T,1682,1079.08975979686,439.333075541072
1663962790.36865,0,71590,0,GPS1_Frame,42.3337333333333,-71.086805,21.2,328078.151266004,4688940.28201491,19,T,1683,1078.15126600431,440.282014911063
1663962791.36863,0,71591,0,GPS1_Frame,42.3337433333333,-71.086815,21.4,328077.354628326,4688941.41265535,19,T,1684,1077.35462832579,441.412655353546
1663962792.40512,0,71592,0,GPS1_Frame,42.3337483333333,-71.0868266666667,21.6,328076.407052076,4688941.99145395,19,T,1685,1076.40705207584,441.991453953087
1663962793.36712,0,71593,0,GPS1_Frame,42.3337533333333,-71.0868366666667,21.7,328075.596790345,4688942.56688308,19,T,1686,1075.5967903448,442.566883077845
1663962794.36312,0,71594,0,GPS1_Frame,42.33376,-71.0868466666667,21.8,328074.791070282,4688943.32738281,19,T,1687,1074.79107028164,443.327382811345
1663962795.36275,0,71595,0,GPS1_Frame,42.333765,-71.0868583333333,21.9,328073.843494495,4688943.90618177,19,T,1688,1073.84349449544,443.906181771308
1663962796.36279,0,71596,0,GPS1_Frame,42.33377,-71.0868683333333,22,328073.033233194,4688944.48161121,19,T,1689,1073.03323319415,444.481611206196
1663962797.37332,0,71597,0,GPS1_Frame,42.333775,-71.0868766666667,21.9,328072.360286341,4688945.05367107,19,T,1690,1072.36028634128,445.053671066649
1663962798.36868,0,71598,0,GPS1_Frame,42.33378,-71.086885,21.9,328071.687339602,4688945.625731,19,T,1691,1071.68733960239,445.625730995089
1663962799.36784,0,71599,0,GPS1_Frame,42.3337816666667,-71.08689,22,328071.279938307,4688945.82091058,19,T,1692,1071.27993830654,445.820910576731
1663962800.36932,0,71600,0,GPS1_Frame,42.33378,-71.08689,22.1,328071.275396676,4688945.63584006,19,T,1693,1071.27539667604,445.635840062983
1663962801.37322,0,71601,0,GPS1_Frame,42.33378,-71.08689,22,328071.275396676,4688945.63584006,19,T,1694,1071.27539667604,445.635840062983
1663962802.36867,0,71602,0,GPS1_Frame,42.33378,-71.08689,22,328071.275396676,4688945.63584006,19,T,1695,1071.27539667604,445.635840062983
1663962803.3716,0,71603,0,GPS1_Frame,42.33378,-71.08689,22,328071.275396676,4688945.63584006,19,T,1696,1071.27539667604,445.635840062983
1663962804.37188,0,71604,0,GPS1_Frame,42.33378,-71.08689,22,328071.275396676,4688945.63584006,19,T,1697,1071.27539667604,445.635840062983
1663962805.37027,0,71605,0,GPS1_Frame,42.33378,-71.08689,22,328071.275396676,4688945.63584006,19,T,1698,1071.27539667604,445.635840062983
1663962806.37137,0,71606,0,GPS1_Frame,42.33378,-71.08689,22,328071.275396676,4688945.63584006,19,T,1699,1071.27539667604,445.635840062983
1663962807.37006,0,71607,0,GPS1_Frame,42.33378,-71.08689,22,328071.275396676,4688945.63584006,19,T,1700,1071.27539667604,445.635840062983
1663962808.40104,0,71608,0,GPS1_Frame,42.33378,-71.08689,22,328071.275396676,4688945.63584006,19,T,1701,1071.27539667604,445.635840062983
1663962809.37262,0,71609,0,GPS1_Frame,42.33378,-71.08689,22,328071.275396676,4688945.63584006,19,T,1702,1071.27539667604,445.635840062983
1663962810.369,0,71610,0,GPS1_Frame,42.33378,-71.08689,22.1,328071.275396676,4688945.63584006,19,T,1703,1071.27539667604,445.635840062983
