Time,header.seq,header.stamp.secs,header.stamp.nsecs,header.frame_id,latitude,longitude,altitude,utm_easting,utm_northing,zone,letter,offset_utm_easting,offset_utm_northing,offset_header.stamp.secs
1580683193.96351,5,1580683193,962775945,gps,42.12318,71.0338214,10.1999998092651,331885.381207578,4665454.64679509,19,T,1.38120757753495,0.646795090287924,0
1580683194.98712,6,1580683194,986450910,gps,42.12318,71.0338214,10.1999998092651,331885.381207578,4665454.64679509,19,T,1.38120757753495,0.646795090287924,1
1580683195.96316,7,1580683195,962483882,gps,42.12318,71.0338214,10.1999998092651,331885.381207578,4665454.64679509,19,T,1.38120757753495,0.646795090287924,2
1580683196.96446,8,1580683196,963778018,gps,42.12318,71.0338214,10.1999998092651,331885.381207578,4665454.64679509,19,T,1.38120757753495,0.646795090287924,3
1580683197.98879,9,1580683197,988142967,gps,42.12318,71.0338214,10.1999998092651,331885.381207578,4665454.64679509,19,T,1.38120757753495,0.646795090287924,4
1580683198.96505,10,1580683198,964457988,gps,42.12318,71.0338214,10.1999998092651,331885.381207578,4665454.64679509,19,T,1.38120757753495,0.646795090287924,5
1580683199.96604,11,1580683199,965265989,gps,42.12318,71.0338214,10.1999998092651,331885.381207578,4665454.64679509,19,T,1.38120757753495,0.646795090287924,6
1580683200.96871,12,1580683200,967978954,gps,42.12318,71.0338214,10.1999998092651,331885.381207578,4665454.64679509,19,T,1.38120757753495,0.646795090287924,7
1580683201.96806,13,1580683201,967439889,gps,42.12318,71.0338214,10.1999998092651,331885.381207578,4665454.64679509,19,T,1.38120757753495,0.646795090287924,8
1580683202.96847,14,1580683202,967730045,gps,42.12318,71.0338214,10.1999998092651,331885.381207578,4665454.64679509,19,T,1.38120757753495,0.646795090287924,9
1580683203.99479,15,1580683203,994085073,gps,42.12318,71.0338214,10.1999998092651,331885.381207578,4665454.64679509,19,T,1.38120757753495,0.646795090287924,10
1580683204.96919,16,1580683204,968506097,gps,42.12318,71.0338214,10.1999998092651,331885.381207578,4665454.64679509,19,T,1.38120757753495,0.646795090287924,11
1580683205.97705,17,1580683205,976295948,gps,42.12318,71.0338214,10.1999998092651,331885.381207578,4665454.64679509,19,T,1.38120757753495,0.646795090287924,12
1580683206.96366,18,1580683206,962821006,gps,42.12318,71.0338214,10.1999998092651,331885.381207578,4665454.64679509,19,T,1.38120757753495,0.646795090287924,13
1580683207.96909,19,1580683207,968322038,gps,42.12318,71.0338214,10.1999998092651,331885.381207578,4665454.64679509,19,T,1.38120757753495,0.646795090287924,14
1580683208.96926,20,1580683208,968417882,gps,42.12318,71.0338214,10.1999998092651,331885.381207578,4665454.64679509,19,T,1.38120757753495,0.646795090287924,15
1580683209.96912,21,1580683209,968506097,gps,42.12318,71.0338214,10.1999998092651,331885.381207578,4665454.64679509,19,T,1.38120757753495,0.646795090287924,16
1580683210.96904,22,1580683210,968305110,gps,42.12318,71.0338214,10.1999998092651,331885.381207578,4665454.64679509,19,T,1.38120757753495,0.646795090287924,17
1580683211.96204,23,1580683211,961347103,gps,42.12318,71.0338214,10.1999998092651,331885.381207578,4665454.64679509,19,T,1.38120757753495,0.646795090287924,18
1580683212.96397,24,1580683212,963375091,gps,42.12318,71.0338214,10.1999998092651,331885.381207578,4665454.64679509,19,T,1.38120757753495,0.646795090287924,19
1580683213.96435,25,1580683213,963725090,gps,42.12318,71.0338214,10.1999998092651,331885.381207578,4665454.64679509,19,T,1.38120757753495,0.646795090287924,20
1580683214.96915,26,1580683214,968456029,gps,42.12318,71.0338214,10.1999998092651,331885.381207578,4665454.64679509,19,T,1.38120757753495,0.646795090287924,21
1580683215.9728,27,1580683215,972130060,gps,42.12318,71.0338214,10.3000001907349,331885.381207578,4665454.64679509,19,T,1.38120757753495,0.646795090287924,22
1580683216.96923,28,1580683216,968543052,gps,42.12318,71.0338214,10.3000001907349,331885.381207578,4665454.64679509,19,T,1.38120757753495,0.646795090287924,23
1580683217.96889,29,1580683217,967999935,gps,42.12318,71.0338214,10.3000001907349,331885.381207578,4665454.64679509,19,T,1.38120757753495,0.646795090287924,24
1580683218.96284,30,1580683218,962219953,gps,42.12318,71.0338214,10.3000001907349,331885.381207578,4665454.64679509,19,T,1.38120757753495,0.646795090287924,25
1580683219.96232,31,1580683219,961625099,gps,42.12318,71.0338214,10.3000001907349,331885.381207578,4665454.64679509,19,T,1.38120757753495,0.646795090287924,26
1580683220.97051,32,1580683220,969750881,gps,42.12318,71.0338214,10.3000001907349,331885.381207578,4665454.64679509,19,T,1.38120757753495,0.646795090287924,27
1580683221.97058,33,1580683221,969868898,gps,42.12318,71.0338214,10.3000001907349,331885.381207578,4665454.64679509,19,T,1.38120757753495,0.646795090287924,28
1580683222.96612,34,1580683222,965435028,gps,42.12318,71.0338214,10.3000001907349,331885.381207578,4665454.64679509,19,T,1.38120757753495,0.646795090287924,29
1580683223.97057,35,1580683223,969821929,gps,42.12318,71.0338214,10.3000001907349,331885.381207578,4665454.64679509,19,T,1.38120757753495,0.646795090287924,30
1580683224.96613,36,1580683224,965454101,gps,42.12318,71.0338214,10.3000001907349,331885.381207578,4665454.64679509,19,T,1.38120757753495,0.646795090287924,31
1580683225.96485,37,1580683225,964232921,gps,42.12318,71.0338214,10.3000001907349,331885.381207578,4665454.64679509,19,T,1.38120757753495,0.646795090287924,32
1580683226.97316,38,1580683226,972574949,gps,42.12318,71.0338214,10.3000001907349,331885.381207578,4665454.64679509,19,T,1.38120757753495,0.646795090287924,33
1580683227.97271,39,1580683227,972084999,gps,42.12318,71.0338214,10.3000001907349,331885.381207578,4665454.64679509,19,T,1.38120757753495,0.646795090287924,34
1580683228.96532,40,1580683228,964663028,gps,42.12318,71.0338214,10.3000001907349,331885.381207578,4665454.64679509,19,T,1.38120757753495,0.646795090287924,35
1580683229.96916,41,1580683229,968477964,gps,42.12318,71.0338214,10.3000001907349,331885.381207578,4665454.64679509,19,T,1.38120757753495,0.646795090287924,36
1580683230.966,42,1580683230,965348958,gps,42.12318,71.0338214,10.3000001907349,331885.381207578,4665454.64679509,19,T,1.38120757753495,0.646795090287924,37
1580683231.96948,43,1580683231,968799114,gps,42.12318,71.0338214,10.3000001907349,331885.381207578,4665454.64679509,19,T,1.38120757753495,0.646795090287924,38
1580683232.9954,44,1580683232,994631052,gps,42.12318,71.0338214,10.3000001907349,331885.381207578,4665454.64679509,19,T,1.38120757753495,0.646795090287924,39
1580683233.96916,45,1580683233,968458890,gps,42.1231806,71.0338214,10.3000001907349,331885.382794456,4665454.71341812,19,T,1.38279445632361,0.713418117724359,40
1580683234.96978,46,1580683234,969144105,gps,42.1231806,71.0338214,10.3000001907349,331885.382794456,4665454.71341812,19,T,1.38279445632361,0.713418117724359,41
1580683235.96939,47,1580683235,968841075,gps,42.1231806,71.0338214,10.3000001907349,331885.382794456,4665454.71341812,19,T,1.38279445632361,0.713418117724359,42
1580683236.97763,48,1580683236,977005004,gps,42.1231806,71.0338214,10.3000001907349,331885.382794456,4665454.71341812,19,T,1.38279445632361,0.713418117724359,43
1580683237.99227,49,1580683237,991657018,gps,42.1231806,71.0338214,10.3000001907349,331885.382794456,4665454.71341812,19,T,1.38279445632361,0.713418117724359,44
1580683238.96997,50,1580683238,969194889,gps,42.1231806,71.0338214,10.3000001907349,331885.382794456,4665454.71341812,19,T,1.38279445632361,0.713418117724359,45
1580683239.97067,51,1580683239,969996929,gps,42.1231806,71.0338214,10.3000001907349,331885.382794456,4665454.71341812,19,T,1.38279445632361,0.713418117724359,46
1580683240.99463,52,1580683240,993940114,gps,42.1231806,71.0338214,10.3000001907349,331885.382794456,4665454.71341812,19,T,1.38279445632361,0.713418117724359,47
1580683241.96918,53,1580683241,968432903,gps,42.1231806,71.0338214,10.3000001907349,331885.382794456,4665454.71341812,19,T,1.38279445632361,0.713418117724359,48
1580683242.97017,54,1580683242,969552993,gps,42.1231806,71.0338214,10.3000001907349,331885.382794456,4665454.71341812,19,T,1.38279445632361,0.713418117724359,49
1580683243.96458,55,1580683243,963834047,gps,42.1231806,71.0338214,10.3999996185303,331885.382794456,4665454.71341812,19,T,1.38279445632361,0.713418117724359,50
1580683244.96926,56,1580683244,968638896,gps,42.1231806,71.0338214,10.3999996185303,331885.382794456,4665454.71341812,19,T,1.38279445632361,0.713418117724359,51
1580683245.99042,57,1580683245,989672899,gps,42.1231806,71.0338214,10.3999996185303,331885.382794456,4665454.71341812,19,T,1.38279445632361,0.713418117724359,52
1580683246.97356,58,1580683246,973006963,gps,42.1231806,71.0338214,10.3999996185303,331885.382794456,4665454.71341812,19,T,1.38279445632361,0.713418117724359,53
1580683247.97034,59,1580683247,969729900,gps,42.1231806,71.0338214,10.3999996185303,331885.382794456,4665454.71341812,19,T,1.38279445632361,0.713418117724359,54
1580683248.98952,60,1580683248,988771915,gps,42.1231806,71.0338214,10.3999996185303,331885.382794456,4665454.71341812,19,T,1.38279445632361,0.713418117724359,55
1580683249.96959,61,1580683249,968938112,gps,42.1231806,71.0338214,10.3999996185303,331885.382794456,4665454.71341812,19,T,1.38279445632361,0.713418117724359,56
1580683250.96925,62,1580683250,968494892,gps,42.1231806,71.0338214,10.3999996185303,331885.382794456,4665454.71341812,19,T,1.38279445632361,0.713418117724359,57
1580683251.96982,63,1580683251,969027042,gps,42.1231806,71.0338214,10.3999996185303,331885.382794456,4665454.71341812,19,T,1.38279445632361,0.713418117724359,58
1580683252.97025,64,1580683252,969454050,gps,42.1231806,71.0338214,10.3999996185303,331885.382794456,4665454.71341812,19,T,1.38279445632361,0.713418117724359,59
1580683253.98683,65,1580683253,986053943,gps,42.1231806,71.0338214,10.3999996185303,331885.382794456,4665454.71341812,19,T,1.38279445632361,0.713418117724359,60
1580683254.97452,66,1580683254,973762989,gps,42.1231806,71.0338214,10.3999996185303,331885.382794456,4665454.71341812,19,T,1.38279445632361,0.713418117724359,61
1580683255.96053,67,1580683255,959726095,gps,42.1231806,71.0338214,10.3999996185303,331885.382794456,4665454.71341812,19,T,1.38279445632361,0.713418117724359,62
1580683256.96751,68,1580683256,966924905,gps,42.1231806,71.0338214,10.3999996185303,331885.382794456,4665454.71341812,19,T,1.38279445632361,0.713418117724359,63
1580683257.96439,69,1580683257,963603019,gps,42.1231806,71.0338214,10.3999996185303,331885.382794456,4665454.71341812,19,T,1.38279445632361,0.713418117724359,64
1580683258.96953,70,1580683258,968894958,gps,42.1231806,71.0338214,10.3999996185303,331885.382794456,4665454.71341812,19,T,1.38279445632361,0.713418117724359,65
1580683259.96299,71,1580683259,962196111,gps,42.1231806,71.0338214,10.3999996185303,331885.382794456,4665454.71341812,19,T,1.38279445632361,0.713418117724359,66
1580683260.96649,72,1580683260,965892076,gps,42.1231806,71.0338214,10.3999996185303,331885.382794456,4665454.71341812,19,T,1.38279445632361,0.713418117724359,67
1580683261.95915,73,1580683261,958435058,gps,42.1231806,71.0338214,10.3999996185303,331885.382794456,4665454.71341812,19,T,1.38279445632361,0.713418117724359,68
1580683262.96626,74,1580683262,965619087,gps,42.1231806,71.0338214,10.3999996185303,331885.382794456,4665454.71341812,19,T,1.38279445632361,0.713418117724359,69
1580683263.96981,75,1580683263,969144105,gps,42.1231806,71.0338214,10.3999996185303,331885.382794456,4665454.71341812,19,T,1.38279445632361,0.713418117724359,70
1580683264.97392,76,1580683264,973119020,gps,42.1231806,71.0338214,10.3999996185303,331885.382794456,4665454.71341812,19,T,1.38279445632361,0.713418117724359,71
1580683265.96823,77,1580683265,967489957,gps,42.1231806,71.0338214,10.3999996185303,331885.382794456,4665454.71341812,19,T,1.38279445632361,0.713418117724359,72
1580683266.96167,78,1580683266,960990905,gps,42.1231806,71.0338214,10.3999996185303,331885.382794456,4665454.71341812,19,T,1.38279445632361,0.713418117724359,73
1580683267.95973,79,1580683267,959031105,gps,42.1231806,71.0338214,10.3999996185303,331885.382794456,4665454.71341812,19,T,1.38279445632361,0.713418117724359,74
1580683268.96737,80,1580683268,966631889,gps,42.1231806,71.0338214,10.3999996185303,331885.382794456,4665454.71341812,19,T,1.38279445632361,0.713418117724359,75
1580683269.96493,81,1580683269,964283943,gps,42.1231806,71.0338214,10.3999996185303,331885.382794456,4665454.71341812,19,T,1.38279445632361,0.713418117724359,76
1580683270.96405,82,1580683270,963488101,gps,42.1231806,71.0338214,10.3999996185303,331885.382794456,4665454.71341812,19,T,1.38279445632361,0.713418117724359,77
1580683271.96513,83,1580683271,964565992,gps,42.1231806,71.0338214,10.3999996185303,331885.382794456,4665454.71341812,19,T,1.38279445632361,0.713418117724359,78
1580683272.96567,84,1580683272,965048074,gps,42.1231806,71.0338214,10.3999996185303,331885.382794456,4665454.71341812,19,T,1.38279445632361,0.713418117724359,79
1580683273.96966,85,1580683273,969048023,gps,42.1231806,71.0338214,10.3999996185303,331885.382794456,4665454.71341812,19,T,1.38279445632361,0.713418117724359,80
1580683274.96488,86,1580683274,964251041,gps,42.1231806,71.0338214,10.3999996185303,331885.382794456,4665454.71341812,19,T,1.38279445632361,0.713418117724359,81
1580683275.96221,87,1580683275,961569070,gps,42.1231806,71.0338214,10.3999996185303,331885.382794456,4665454.71341812,19,T,1.38279445632361,0.713418117724359,82
1580683276.9623,88,1580683276,961673021,gps,42.1231806,71.0338214,10.3000001907349,331885.382794456,4665454.71341812,19,T,1.38279445632361,0.713418117724359,83
1580683277.95728,89,1580683277,956604957,gps,42.1231806,71.0338214,10.3000001907349,331885.382794456,4665454.71341812,19,T,1.38279445632361,0.713418117724359,84
1580683278.96741,90,1580683278,966801881,gps,42.1231806,71.0338214,10.3000001907349,331885.382794456,4665454.71341812,19,T,1.38279445632361,0.713418117724359,85
1580683279.96565,91,1580683279,964755058,gps,42.1231806,71.0338214,10.3000001907349,331885.382794456,4665454.71341812,19,T,1.38279445632361,0.713418117724359,86
1580683280.96319,92,1580683280,962435007,gps,42.1231806,71.0338214,10.3000001907349,331885.382794456,4665454.71341812,19,T,1.38279445632361,0.713418117724359,87
1580683281.97351,93,1580683281,972866058,gps,42.1231806,71.0338214,10.3000001907349,331885.382794456,4665454.71341812,19,T,1.38279445632361,0.713418117724359,88
1580683282.96527,94,1580683282,964565992,gps,42.1231806,71.0338214,10.3000001907349,331885.382794456,4665454.71341812,19,T,1.38279445632361,0.713418117724359,89
1580683283.98355,95,1580683283,982794046,gps,42.1231806,71.0338214,10.3000001907349,331885.382794456,4665454.71341812,19,T,1.38279445632361,0.713418117724359,90
1580683284.96128,96,1580683284,960664987,gps,42.1231806,71.0338214,10.3000001907349,331885.382794456,4665454.71341812,19,T,1.38279445632361,0.713418117724359,91
1580683285.96255,97,1580683285,961971998,gps,42.1231806,71.0338214,10.3000001907349,331885.382794456,4665454.71341812,19,T,1.38279445632361,0.713418117724359,92
1580683286.96538,98,1580683286,964730978,gps,42.1231806,71.0338214,10.3000001907349,331885.382794456,4665454.71341812,19,T,1.38279445632361,0.713418117724359,93
1580683287.98922,99,1580683287,988374948,gps,42.1231806,71.0338214,10.3000001907349,331885.382794456,4665454.71341812,19,T,1.38279445632361,0.713418117724359,94
1580683288.96761,100,1580683288,966895103,gps,42.1231806,71.0338214,10.3000001907349,331885.382794456,4665454.71341812,19,T,1.38279445632361,0.713418117724359,95
1580683289.96981,101,1580683289,969286918,gps,42.1231806,71.0338214,10.3000001907349,331885.382794456,4665454.71341812,19,T,1.38279445632361,0.713418117724359,96
1580683290.99256,102,1580683290,991895914,gps,42.1231806,71.0338214,10.3000001907349,331885.382794456,4665454.71341812,19,T,1.38279445632361,0.713418117724359,97
1580683291.96392,103,1580683291,963155984,gps,42.1231806,71.0338214,10.3000001907349,331885.382794456,4665454.71341812,19,T,1.38279445632361,0.713418117724359,98
1580683292.96921,104,1580683292,968517065,gps,42.1231806,71.033822,10.3000001907349,331885.333196645,4665454.71459948,19,T,1.33319664548617,0.714599476195872,99
1580683293.96887,105,1580683293,968241930,gps,42.1231806,71.033822,10.3000001907349,331885.333196645,4665454.71459948,19,T,1.33319664548617,0.714599476195872,100
1580683294.96879,106,1580683294,968209028,gps,42.1231806,71.033822,10.3000001907349,331885.333196645,4665454.71459948,19,T,1.33319664548617,0.714599476195872,101
1580683295.96951,107,1580683295,968903064,gps,42.1231806,71.033822,10.3000001907349,331885.333196645,4665454.71459948,19,T,1.33319664548617,0.714599476195872,102
1580683296.9889,108,1580683296,988200902,gps,42.1231806,71.033822,10.3000001907349,331885.333196645,4665454.71459948,19,T,1.33319664548617,0.714599476195872,103
1580683297.96129,109,1580683297,960643053,gps,42.1231806,71.033822,10.3000001907349,331885.333196645,4665454.71459948,19,T,1.33319664548617,0.714599476195872,104
1580683298.97054,110,1580683298,969865083,gps,42.1231806,71.033822,10.3000001907349,331885.333196645,4665454.71459948,19,T,1.33319664548617,0.714599476195872,105
1580683299.99431,111,1580683299,993541955,gps,42.1231806,71.033822,10.3000001907349,331885.333196645,4665454.71459948,19,T,1.33319664548617,0.714599476195872,106
1580683300.96874,112,1580683300,968084096,gps,42.1231806,71.033822,10.3000001907349,331885.333196645,4665454.71459948,19,T,1.33319664548617,0.714599476195872,107
1580683301.96159,113,1580683301,960942029,gps,42.1231806,71.033822,10.3000001907349,331885.333196645,4665454.71459948,19,T,1.33319664548617,0.714599476195872,108
1580683302.97323,114,1580683302,972393035,gps,42.1231806,71.033822,10.3000001907349,331885.333196645,4665454.71459948,19,T,1.33319664548617,0.714599476195872,109
1580683303.99622,115,1580683303,995336055,gps,42.1231806,71.033822,10.3000001907349,331885.333196645,4665454.71459948,19,T,1.33319664548617,0.714599476195872,110
1580683304.96954,116,1580683304,968897104,gps,42.1231806,71.033822,10.3000001907349,331885.333196645,4665454.71459948,19,T,1.33319664548617,0.714599476195872,111
1580683305.96902,117,1580683305,968374013,gps,42.1231806,71.033822,10.3000001907349,331885.333196645,4665454.71459948,19,T,1.33319664548617,0.714599476195872,112
1580683306.96817,118,1580683306,967298984,gps,42.1231806,71.033822,10.3000001907349,331885.333196645,4665454.71459948,19,T,1.33319664548617,0.714599476195872,113
1580683307.96284,119,1580683307,962152957,gps,42.1231806,71.033822,10.3000001907349,331885.333196645,4665454.71459948,19,T,1.33319664548617,0.714599476195872,114
1580683308.96993,120,1580683308,969166040,gps,42.1231806,71.033822,10.3999996185303,331885.333196645,4665454.71459948,19,T,1.33319664548617,0.714599476195872,115
1580683309.96172,121,1580683309,961179971,gps,42.1231806,71.033822,10.3999996185303,331885.333196645,4665454.71459948,19,T,1.33319664548617,0.714599476195872,116
1580683310.96733,122,1580683310,966576099,gps,42.1231806,71.033822,10.3999996185303,331885.333196645,4665454.71459948,19,T,1.33319664548617,0.714599476195872,117
1580683311.96795,123,1580683311,967341899,gps,42.1231806,71.033822,10.3999996185303,331885.333196645,4665454.71459948,19,T,1.33319664548617,0.714599476195872,118
1580683312.96827,124,1580683312,967448949,gps,42.1231806,71.033822,10.3999996185303,331885.333196645,4665454.71459948,19,T,1.33319664548617,0.714599476195872,119
1580683313.96828,125,1580683313,967503070,gps,42.1231806,71.033822,10.3999996185303,331885.333196645,4665454.71459948,19,T,1.33319664548617,0.714599476195872,120
1580683314.96311,126,1580683314,962479114,gps,42.1231806,71.033822,10.3999996185303,331885.333196645,4665454.71459948,19,T,1.33319664548617,0.714599476195872,121
1580683315.96432,127,1580683315,963593006,gps,42.1231806,71.033822,10.3999996185303,331885.333196645,4665454.71459948,19,T,1.33319664548617,0.714599476195872,122
1580683316.97015,128,1580683316,969404935,gps,42.1231806,71.033822,10.3999996185303,331885.333196645,4665454.71459948,19,T,1.33319664548617,0.714599476195872,123
1580683317.96913,129,1580683317,968354940,gps,42.1231806,71.033822,10.3999996185303,331885.333196645,4665454.71459948,19,T,1.33319664548617,0.714599476195872,124
1580683318.96835,130,1580683318,967715978,gps,42.1231812,71.0338226,10.3000001907349,331885.285185716,4665454.78240387,19,T,1.28518571553286,0.782403864897788,125
1580683319.97021,131,1580683319,969444990,gps,42.1231818,71.0338226,10.3000001907349,331885.286772595,4665454.84902689,19,T,1.28677259525284,0.849026893265545,126
1580683320.96369,132,1580683320,962994098,gps,42.1231818,71.0338226,10.3000001907349,331885.286772595,4665454.84902689,19,T,1.28677259525284,0.849026893265545,127
1580683321.96537,133,1580683321,964646100,gps,42.1231818,71.0338226,10.3000001907349,331885.286772595,4665454.84902689,19,T,1.28677259525284,0.849026893265545,128
1580683322.96682,134,1580683322,966074943,gps,42.1231818,71.0338226,10.3000001907349,331885.286772595,4665454.84902689,19,T,1.28677259525284,0.849026893265545,129
1580683323.97009,135,1580683323,969340085,gps,42.1231818,71.0338232,10.3000001907349,331885.237174784,4665454.85020825,19,T,1.23717478429899,0.850208252668381,130
1580683324.96822,136,1580683324,967353105,gps,42.1231818,71.0338232,10.3000001907349,331885.237174784,4665454.85020825,19,T,1.23717478429899,0.850208252668381,131
1580683325.95827,137,1580683325,957647085,gps,42.1231818,71.0338232,10.3000001907349,331885.237174784,4665454.85020825,19,T,1.23717478429899,0.850208252668381,132
1580683326.96732,138,1580683326,966613054,gps,42.1231818,71.0338232,10.3000001907349,331885.237174784,4665454.85020825,19,T,1.23717478429899,0.850208252668381,133
1580683327.96729,139,1580683327,966476917,gps,42.1231818,71.0338232,10.3000001907349,331885.237174784,4665454.85020825,19,T,1.23717478429899,0.850208252668381,134
1580683328.9662,140,1580683328,965430974,gps,42.1231818,71.0338232,10.3000001907349,331885.237174784,4665454.85020825,19,T,1.23717478429899,0.850208252668381,135
1580683329.96615,141,1580683329,965442895,gps,42.1231818,71.0338232,10.3000001907349,331885.237174784,4665454.85020825,19,T,1.23717478429899,0.850208252668381,136
1580683330.96529,142,1580683330,964627027,gps,42.1231818,71.0338232,10.3000001907349,331885.237174784,4665454.85020825,19,T,1.23717478429899,0.850208252668381,137
1580683331.96917,143,1580683331,968528032,gps,42.1231818,71.0338232,10.3000001907349,331885.237174784,4665454.85020825,19,T,1.23717478429899,0.850208252668381,138
1580683332.96941,144,1580683332,968898057,gps,42.1231818,71.0338232,10.3000001907349,331885.237174784,4665454.85020825,19,T,1.23717478429899,0.850208252668381,139
1580683333.99062,145,1580683333,989943027,gps,42.1231818,71.0338232,10.3000001907349,331885.237174784,4665454.85020825,19,T,1.23717478429899,0.850208252668381,140
1580683334.96652,146,1580683334,965852975,gps,42.1231818,71.0338232,10.3000001907349,331885.237174784,4665454.85020825,19,T,1.23717478429899,0.850208252668381,141
1580683335.96658,147,1580683335,965954065,gps,42.1231818,71.0338232,10.3000001907349,331885.237174784,4665454.85020825,19,T,1.23717478429899,0.850208252668381,142
1580683336.96833,148,1580683336,967596054,gps,42.1231818,71.0338232,10.3000001907349,331885.237174784,4665454.85020825,19,T,1.23717478429899,0.850208252668381,143
1580683337.9687,149,1580683337,967986106,gps,42.1231818,71.0338232,10.3000001907349,331885.237174784,4665454.85020825,19,T,1.23717478429899,0.850208252668381,144
1580683338.99326,150,1580683338,992619991,gps,42.1231818,71.0338232,10.3000001907349,331885.237174784,4665454.85020825,19,T,1.23717478429899,0.850208252668381,145
1580683339.96783,151,1580683339,967179059,gps,42.1231818,71.0338232,10.3000001907349,331885.237174784,4665454.85020825,19,T,1.23717478429899,0.850208252668381,146
1580683340.99279,152,1580683340,992228031,gps,42.1231818,71.0338232,10.3000001907349,331885.237174784,4665454.85020825,19,T,1.23717478429899,0.850208252668381,147
1580683341.96819,153,1580683341,967396974,gps,42.1231818,71.0338232,10.3000001907349,331885.237174784,4665454.85020825,19,T,1.23717478429899,0.850208252668381,148
1580683342.96811,154,1580683342,967431068,gps,42.1231818,71.0338232,10.3000001907349,331885.237174784,4665454.85020825,19,T,1.23717478429899,0.850208252668381,149
1580683343.96855,155,1580683343,967947006,gps,42.1231818,71.0338232,10.3000001907349,331885.237174784,4665454.85020825,19,T,1.23717478429899,0.850208252668381,150
1580683344.96353,156,1580683344,962858915,gps,42.1231818,71.0338232,10.3000001907349,331885.237174784,4665454.85020825,19,T,1.23717478429899,0.850208252668381,151
1580683345.96147,157,1580683345,960803031,gps,42.1231818,71.0338232,10.3000001907349,331885.237174784,4665454.85020825,19,T,1.23717478429899,0.850208252668381,152
1580683346.99652,158,1580683346,995682001,gps,42.1231818,71.0338232,10.3000001907349,331885.237174784,4665454.85020825,19,T,1.23717478429899,0.850208252668381,153
1580683347.97262,159,1580683347,971985101,gps,42.1231818,71.0338232,10.3000001907349,331885.237174784,4665454.85020825,19,T,1.23717478429899,0.850208252668381,154
1580683348.97062,160,1580683348,969959020,gps,42.1231818,71.0338232,10.3000001907349,331885.237174784,4665454.85020825,19,T,1.23717478429899,0.850208252668381,155
1580683349.99414,161,1580683349,993477106,gps,42.1231818,71.0338232,10.3000001907349,331885.237174784,4665454.85020825,19,T,1.23717478429899,0.850208252668381,156
1580683350.96468,162,1580683350,963936090,gps,42.1231818,71.0338232,10.3000001907349,331885.237174784,4665454.85020825,19,T,1.23717478429899,0.850208252668381,157
1580683351.97058,163,1580683351,969990968,gps,42.1231818,71.0338232,10.3000001907349,331885.237174784,4665454.85020825,19,T,1.23717478429899,0.850208252668381,158
1580683352.97287,164,1580683352,972215890,gps,42.1231818,71.0338232,10.3000001907349,331885.237174784,4665454.85020825,19,T,1.23717478429899,0.850208252668381,159
1580683353.99517,165,1580683353,994530916,gps,42.1231818,71.0338232,10.3000001907349,331885.237174784,4665454.85020825,19,T,1.23717478429899,0.850208252668381,160
1580683354.9702,166,1580683354,969569921,gps,42.1231818,71.0338232,10.3000001907349,331885.237174784,4665454.85020825,19,T,1.23717478429899,0.850208252668381,161
1580683355.96396,167,1580683355,963375091,gps,42.1231818,71.0338232,10.3000001907349,331885.237174784,4665454.85020825,19,T,1.23717478429899,0.850208252668381,162
1580683356.97397,168,1580683356,973181009,gps,42.1231818,71.0338232,10.3000001907349,331885.237174784,4665454.85020825,19,T,1.23717478429899,0.850208252668381,163
1580683357.96973,169,1580683357,968991994,gps,42.1231818,71.0338232,10.3000001907349,331885.237174784,4665454.85020825,19,T,1.23717478429899,0.850208252668381,164
1580683358.97008,170,1580683358,969464063,gps,42.1231818,71.0338232,10.3000001907349,331885.237174784,4665454.85020825,19,T,1.23717478429899,0.850208252668381,165
1580683359.97311,171,1580683359,972419023,gps,42.1231818,71.0338232,10.3000001907349,331885.237174784,4665454.85020825,19,T,1.23717478429899,0.850208252668381,166
1580683360.97304,172,1580683360,972312927,gps,42.1231818,71.0338232,10.3000001907349,331885.237174784,4665454.85020825,19,T,1.23717478429899,0.850208252668381,167
1580683361.97443,173,1580683361,973782062,gps,42.1231818,71.0338232,10.3000001907349,331885.237174784,4665454.85020825,19,T,1.23717478429899,0.850208252668381,168
1580683362.96382,174,1580683362,963053941,gps,42.1231818,71.0338232,10.3000001907349,331885.237174784,4665454.85020825,19,T,1.23717478429899,0.850208252668381,169
1580683363.96356,175,1580683363,962896108,gps,42.1231818,71.0338232,10.3000001907349,331885.237174784,4665454.85020825,19,T,1.23717478429899,0.850208252668381,170
1580683364.97284,176,1580683364,972228050,gps,42.1231818,71.0338232,10.3000001907349,331885.237174784,4665454.85020825,19,T,1.23717478429899,0.850208252668381,171
1580683365.96936,177,1580683365,968772888,gps,42.1231818,71.0338232,10.3000001907349,331885.237174784,4665454.85020825,19,T,1.23717478429899,0.850208252668381,172
1580683366.96988,178,1580683366,969274997,gps,42.1231818,71.0338232,10.3000001907349,331885.237174784,4665454.85020825,19,T,1.23717478429899,0.850208252668381,173
1580683367.97374,179,1580683367,973109006,gps,42.1231818,71.0338232,10.3000001907349,331885.237174784,4665454.85020825,19,T,1.23717478429899,0.850208252668381,174
1580683368.97363,180,1580683368,973025083,gps,42.1231818,71.0338232,10.3000001907349,331885.237174784,4665454.85020825,19,T,1.23717478429899,0.850208252668381,175
1580683369.96242,181,1580683369,961775064,gps,42.1231818,71.0338232,10.3000001907349,331885.237174784,4665454.85020825,19,T,1.23717478429899,0.850208252668381,176
1580683370.96885,182,1580683370,968213081,gps,42.1231818,71.0338232,10.3000001907349,331885.237174784,4665454.85020825,19,T,1.23717478429899,0.850208252668381,177
1580683371.97039,183,1580683371,969743967,gps,42.1231818,71.0338232,10.3000001907349,331885.237174784,4665454.85020825,19,T,1.23717478429899,0.850208252668381,178
1580683372.96966,184,1580683372,969000101,gps,42.1231818,71.0338232,10.3000001907349,331885.237174784,4665454.85020825,19,T,1.23717478429899,0.850208252668381,179
1580683373.96483,185,1580683373,964194059,gps,42.1231818,71.0338232,10.3000001907349,331885.237174784,4665454.85020825,19,T,1.23717478429899,0.850208252668381,180
1580683374.97048,186,1580683374,969768047,gps,42.1231818,71.0338232,10.3000001907349,331885.237174784,4665454.85020825,19,T,1.23717478429899,0.850208252668381,181
1580683375.96959,187,1580683375,969002008,gps,42.1231818,71.0338232,10.3000001907349,331885.237174784,4665454.85020825,19,T,1.23717478429899,0.850208252668381,182
1580683376.96976,188,1580683376,969166040,gps,42.1231818,71.0338232,10.3000001907349,331885.237174784,4665454.85020825,19,T,1.23717478429899,0.850208252668381,183
1580683377.96931,189,1580683377,968708038,gps,42.1231818,71.0338232,10.3000001907349,331885.237174784,4665454.85020825,19,T,1.23717478429899,0.850208252668381,184
1580683378.96968,190,1580683378,969093084,gps,42.1231818,71.0338232,10.3000001907349,331885.237174784,4665454.85020825,19,T,1.23717478429899,0.850208252668381,185
1580683379.96331,191,1580683379,962639093,gps,42.1231818,71.0338232,10.3000001907349,331885.237174784,4665454.85020825,19,T,1.23717478429899,0.850208252668381,186
1580683380.96466,192,1580683380,964122056,gps,42.1231818,71.0338232,10.3000001907349,331885.237174784,4665454.85020825,19,T,1.23717478429899,0.850208252668381,187
1580683381.96784,193,1580683381,967159032,gps,42.1231818,71.0338232,10.3000001907349,331885.237174784,4665454.85020825,19,T,1.23717478429899,0.850208252668381,188
1580683382.96836,194,1580683382,967684030,gps,42.1231818,71.0338232,10.3000001907349,331885.237174784,4665454.85020825,19,T,1.23717478429899,0.850208252668381,189
1580683383.97018,195,1580683383,969556093,gps,42.1231818,71.0338232,10.3000001907349,331885.237174784,4665454.85020825,19,T,1.23717478429899,0.850208252668381,190
1580683384.99439,196,1580683384,993736028,gps,42.1231818,71.0338232,10.3000001907349,331885.237174784,4665454.85020825,19,T,1.23717478429899,0.850208252668381,191
1580683385.96812,197,1580683385,967514991,gps,42.1231818,71.0338232,10.3000001907349,331885.237174784,4665454.85020825,19,T,1.23717478429899,0.850208252668381,192
1580683386.96884,198,1580683386,968183994,gps,42.1231818,71.0338232,10.3000001907349,331885.237174784,4665454.85020825,19,T,1.23717478429899,0.850208252668381,193
1580683387.96171,199,1580683387,961046934,gps,42.1231818,71.0338238,10.3000001907349,331885.187576974,4665454.85138961,19,T,1.18757697439287,0.851389613002539,194
1580683388.99645,200,1580683388,995637893,gps,42.1231818,71.0338238,10.3000001907349,331885.187576974,4665454.85138961,19,T,1.18757697439287,0.851389613002539,195
1580683389.96823,201,1580683389,967504024,gps,42.1231818,71.0338238,10.3000001907349,331885.187576974,4665454.85138961,19,T,1.18757697439287,0.851389613002539,196
1580683390.96767,202,1580683390,966980934,gps,42.1231818,71.0338238,10.3000001907349,331885.187576974,4665454.85138961,19,T,1.18757697439287,0.851389613002539,197
1580683391.99322,203,1580683391,992563962,gps,42.1231818,71.0338238,10.3000001907349,331885.187576974,4665454.85138961,19,T,1.18757697439287,0.851389613002539,198
1580683392.96863,204,1580683392,967919111,gps,42.1231818,71.0338238,10.3000001907349,331885.187576974,4665454.85138961,19,T,1.18757697439287,0.851389613002539,199
1580683393.968,205,1580683393,967273950,gps,42.1231818,71.0338238,10.3000001907349,331885.187576974,4665454.85138961,19,T,1.18757697439287,0.851389613002539,200
1580683394.96856,206,1580683394,967947006,gps,42.1231818,71.0338238,10.3000001907349,331885.187576974,4665454.85138961,19,T,1.18757697439287,0.851389613002539,201
1580683395.96973,207,1580683395,969007015,gps,42.1231818,71.0338238,10.3000001907349,331885.187576974,4665454.85138961,19,T,1.18757697439287,0.851389613002539,202
1580683396.96895,208,1580683396,968307971,gps,42.1231818,71.0338238,10.3000001907349,331885.187576974,4665454.85138961,19,T,1.18757697439287,0.851389613002539,203
1580683397.99799,209,1580683397,997402906,gps,42.1231818,71.0338238,10.3000001907349,331885.187576974,4665454.85138961,19,T,1.18757697439287,0.851389613002539,204
1580683398.96297,210,1580683398,962215900,gps,42.1231818,71.0338238,10.3000001907349,331885.187576974,4665454.85138961,19,T,1.18757697439287,0.851389613002539,205
1580683399.97322,211,1580683399,972604036,gps,42.1231818,71.0338238,10.3000001907349,331885.187576974,4665454.85138961,19,T,1.18757697439287,0.851389613002539,206
1580683400.96921,212,1580683400,968502998,gps,42.1231818,71.0338238,10.3000001907349,331885.187576974,4665454.85138961,19,T,1.18757697439287,0.851389613002539,207
1580683401.9693,213,1580683401,968585968,gps,42.1231818,71.0338238,10.3000001907349,331885.187576974,4665454.85138961,19,T,1.18757697439287,0.851389613002539,208
1580683402.99376,214,1580683402,993125915,gps,42.1231818,71.0338238,10.3000001907349,331885.187576974,4665454.85138961,19,T,1.18757697439287,0.851389613002539,209
1580683403.96264,215,1580683403,961940050,gps,42.1231818,71.0338238,10.3000001907349,331885.187576974,4665454.85138961,19,T,1.18757697439287,0.851389613002539,210
1580683404.99375,216,1580683404,993120908,gps,42.1231818,71.0338238,10.3000001907349,331885.187576974,4665454.85138961,19,T,1.18757697439287,0.851389613002539,211
1580683405.96796,217,1580683405,967194080,gps,42.1231818,71.0338238,10.3000001907349,331885.187576974,4665454.85138961,19,T,1.18757697439287,0.851389613002539,212
1580683406.96889,218,1580683406,968120098,gps,42.1231818,71.0338238,10.3000001907349,331885.187576974,4665454.85138961,19,T,1.18757697439287,0.851389613002539,213
1580683407.96986,219,1580683407,969221115,gps,42.1231818,71.0338238,10.3000001907349,331885.187576974,4665454.85138961,19,T,1.18757697439287,0.851389613002539,214
1580683408.96876,220,1580683408,968132972,gps,42.1231818,71.0338238,10.3000001907349,331885.187576974,4665454.85138961,19,T,1.18757697439287,0.851389613002539,215
1580683409.9678,221,1580683409,967063903,gps,42.1231818,71.0338238,10.3000001907349,331885.187576974,4665454.85138961,19,T,1.18757697439287,0.851389613002539,216
1580683410.96945,222,1580683410,968578100,gps,42.1231818,71.0338238,10.3000001907349,331885.187576974,4665454.85138961,19,T,1.18757697439287,0.851389613002539,217
1580683411.9599,223,1580683411,959135055,gps,42.1231818,71.0338238,10.3000001907349,331885.187576974,4665454.85138961,19,T,1.18757697439287,0.851389613002539,218
1580683412.96641,224,1580683412,965742111,gps,42.1231818,71.0338238,10.3000001907349,331885.187576974,4665454.85138961,19,T,1.18757697439287,0.851389613002539,219
1580683413.96782,225,1580683413,967119932,gps,42.1231818,71.0338238,10.3000001907349,331885.187576974,4665454.85138961,19,T,1.18757697439287,0.851389613002539,220
1580683414.96759,226,1580683414,966964006,gps,42.1231818,71.0338238,10.3000001907349,331885.187576974,4665454.85138961,19,T,1.18757697439287,0.851389613002539,221
1580683415.96872,227,1580683415,968122959,gps,42.1231818,71.0338238,10.3000001907349,331885.187576974,4665454.85138961,19,T,1.18757697439287,0.851389613002539,222
1580683416.96925,228,1580683416,968581914,gps,42.1231818,71.0338238,10.3000001907349,331885.187576974,4665454.85138961,19,T,1.18757697439287,0.851389613002539,223
1580683417.96761,229,1580683417,967020988,gps,42.1231818,71.0338238,10.3000001907349,331885.187576974,4665454.85138961,19,T,1.18757697439287,0.851389613002539,224
1580683418.9688,230,1580683418,968153953,gps,42.1231818,71.0338238,10.3000001907349,331885.187576974,4665454.85138961,19,T,1.18757697439287,0.851389613002539,225
1580683419.9699,231,1580683419,969258069,gps,42.1231818,71.0338238,10.3000001907349,331885.187576974,4665454.85138961,19,T,1.18757697439287,0.851389613002539,226
1580683420.96893,232,1580683420,968269109,gps,42.1231818,71.0338238,10.3000001907349,331885.187576974,4665454.85138961,19,T,1.18757697439287,0.851389613002539,227
1580683421.96501,233,1580683421,964391946,gps,42.1231818,71.0338238,10.3000001907349,331885.187576974,4665454.85138961,19,T,1.18757697439287,0.851389613002539,228
1580683422.97011,234,1580683422,969460964,gps,42.1231818,71.0338238,10.3000001907349,331885.187576974,4665454.85138961,19,T,1.18757697439287,0.851389613002539,229
1580683423.97009,235,1580683423,969484090,gps,42.1231818,71.0338238,10.3000001907349,331885.187576974,4665454.85138961,19,T,1.18757697439287,0.851389613002539,230
1580683424.96953,236,1580683424,968978881,gps,42.1231818,71.0338238,10.3000001907349,331885.187576974,4665454.85138961,19,T,1.18757697439287,0.851389613002539,231
1580683425.9668,237,1580683425,966128110,gps,42.1231818,71.0338238,10.3000001907349,331885.187576974,4665454.85138961,19,T,1.18757697439287,0.851389613002539,232
1580683426.96887,238,1580683426,968211889,gps,42.1231818,71.0338238,10.3000001907349,331885.187576974,4665454.85138961,19,T,1.18757697439287,0.851389613002539,233
1580683427.96283,239,1580683427,962104082,gps,42.1231818,71.0338238,10.3000001907349,331885.187576974,4665454.85138961,19,T,1.18757697439287,0.851389613002539,234
1580683428.9701,240,1580683428,969500064,gps,42.1231818,71.0338238,10.3000001907349,331885.187576974,4665454.85138961,19,T,1.18757697439287,0.851389613002539,235
1580683429.96996,241,1580683429,969284057,gps,42.1231818,71.0338238,10.3000001907349,331885.187576974,4665454.85138961,19,T,1.18757697439287,0.851389613002539,236
1580683430.969,242,1580683430,968322992,gps,42.1231818,71.0338238,10.3000001907349,331885.187576974,4665454.85138961,19,T,1.18757697439287,0.851389613002539,237
1580683431.96937,243,1580683431,968718051,gps,42.1231818,71.0338238,10.3000001907349,331885.187576974,4665454.85138961,19,T,1.18757697439287,0.851389613002539,238
1580683432.96903,244,1580683432,968360900,gps,42.1231818,71.0338238,10.3000001907349,331885.187576974,4665454.85138961,19,T,1.18757697439287,0.851389613002539,239
1580683433.96857,245,1580683433,967711925,gps,42.1231818,71.0338238,10.3000001907349,331885.187576974,4665454.85138961,19,T,1.18757697439287,0.851389613002539,240
1580683434.96929,246,1580683434,968602895,gps,42.1231818,71.0338238,10.3000001907349,331885.187576974,4665454.85138961,19,T,1.18757697439287,0.851389613002539,241
1580683435.99388,247,1580683435,993199110,gps,42.1231818,71.0338238,10.3000001907349,331885.187576974,4665454.85138961,19,T,1.18757697439287,0.851389613002539,242
1580683436.96911,248,1580683436,968501091,gps,42.1231818,71.0338238,10.3000001907349,331885.187576974,4665454.85138961,19,T,1.18757697439287,0.851389613002539,243
1580683437.96849,249,1580683437,967736959,gps,42.1231818,71.0338238,10.3000001907349,331885.187576974,4665454.85138961,19,T,1.18757697439287,0.851389613002539,244
1580683438.96848,250,1580683438,967601060,gps,42.1231818,71.0338238,10.3000001907349,331885.187576974,4665454.85138961,19,T,1.18757697439287,0.851389613002539,245
1580683439.99523,251,1580683439,994467973,gps,42.1231818,71.0338238,10.3000001907349,331885.187576974,4665454.85138961,19,T,1.18757697439287,0.851389613002539,246
1580683440.96917,252,1580683440,968537092,gps,42.1231818,71.0338238,10.3000001907349,331885.187576974,4665454.85138961,19,T,1.18757697439287,0.851389613002539,247
1580683441.99372,253,1580683441,992993116,gps,42.1231818,71.0338238,10.3000001907349,331885.187576974,4665454.85138961,19,T,1.18757697439287,0.851389613002539,248
1580683442.9761,254,1580683442,975403070,gps,42.1231818,71.0338238,10.3000001907349,331885.187576974,4665454.85138961,19,T,1.18757697439287,0.851389613002539,249
1580683443.96763,255,1580683443,967052936,gps,42.1231824,71.0338244,10.3000001907349,331885.139566046,4665454.919194,19,T,1.13956604572013,0.919194001704454,250
1580683444.96989,256,1580683444,969207048,gps,42.1231824,71.0338244,10.3000001907349,331885.139566046,4665454.919194,19,T,1.13956604572013,0.919194001704454,251
1580683445.96974,257,1580683445,969168901,gps,42.1231824,71.0338244,10.3000001907349,331885.139566046,4665454.919194,19,T,1.13956604572013,0.919194001704454,252
1580683446.97374,258,1580683446,972976922,gps,42.1231824,71.0338244,10.3000001907349,331885.139566046,4665454.919194,19,T,1.13956604572013,0.919194001704454,253
1580683447.96966,259,1580683447,969024896,gps,42.1231824,71.0338244,10.3000001907349,331885.139566046,4665454.919194,19,T,1.13956604572013,0.919194001704454,254
1580683448.99453,260,1580683448,993953943,gps,42.1231824,71.0338244,10.3000001907349,331885.139566046,4665454.919194,19,T,1.13956604572013,0.919194001704454,255
1580683449.96916,261,1580683449,968435049,gps,42.1231824,71.0338244,10.3000001907349,331885.139566046,4665454.919194,19,T,1.13956604572013,0.919194001704454,256
1580683450.96883,262,1580683450,968151092,gps,42.1231824,71.0338244,10.3000001907349,331885.139566046,4665454.919194,19,T,1.13956604572013,0.919194001704454,257
1580683451.96386,263,1580683451,963071107,gps,42.1231824,71.0338244,10.3000001907349,331885.139566046,4665454.919194,19,T,1.13956604572013,0.919194001704454,258
1580683452.9943,264,1580683452,993644952,gps,42.1231824,71.0338244,10.3000001907349,331885.139566046,4665454.919194,19,T,1.13956604572013,0.919194001704454,259
1580683453.97052,265,1580683453,969856977,gps,42.1231824,71.0338244,10.3000001907349,331885.139566046,4665454.919194,19,T,1.13956604572013,0.919194001704454,260
1580683454.9947,266,1580683454,993948936,gps,42.1231824,71.0338244,10.3000001907349,331885.139566046,4665454.919194,19,T,1.13956604572013,0.919194001704454,261
1580683455.96926,267,1580683455,968538999,gps,42.1231824,71.0338244,10.3000001907349,331885.139566046,4665454.919194,19,T,1.13956604572013,0.919194001704454,262
1580683456.96986,268,1580683456,969098091,gps,42.1231824,71.0338244,10.3000001907349,331885.139566046,4665454.919194,19,T,1.13956604572013,0.919194001704454,263
1580683457.96803,269,1580683457,967336893,gps,42.1231824,71.0338244,10.3000001907349,331885.139566046,4665454.919194,19,T,1.13956604572013,0.919194001704454,264
1580683458.96967,270,1580683458,969082117,gps,42.1231824,71.0338244,10.3000001907349,331885.139566046,4665454.919194,19,T,1.13956604572013,0.919194001704454,265
1580683459.96284,271,1580683459,962270021,gps,42.1231824,71.0338244,10.3000001907349,331885.139566046,4665454.919194,19,T,1.13956604572013,0.919194001704454,266
1580683460.97019,272,1580683460,969623088,gps,42.1231824,71.0338244,10.3000001907349,331885.139566046,4665454.919194,19,T,1.13956604572013,0.919194001704454,267
1580683461.96852,273,1580683461,967737913,gps,42.1231824,71.0338244,10.3000001907349,331885.139566046,4665454.919194,19,T,1.13956604572013,0.919194001704454,268
1580683462.96975,274,1580683462,969146966,gps,42.1231824,71.0338244,10.3000001907349,331885.139566046,4665454.919194,19,T,1.13956604572013,0.919194001704454,269
1580683463.97001,275,1580683463,969336986,gps,42.1231824,71.0338244,10.3000001907349,331885.139566046,4665454.919194,19,T,1.13956604572013,0.919194001704454,270
1580683464.97911,276,1580683464,978360891,gps,42.1231824,71.0338244,10.3000001907349,331885.139566046,4665454.919194,19,T,1.13956604572013,0.919194001704454,271
1580683465.96879,277,1580683465,968170881,gps,42.1231824,71.0338244,10.3000001907349,331885.139566046,4665454.919194,19,T,1.13956604572013,0.919194001704454,272
1580683466.97392,278,1580683466,973140954,gps,42.1231824,71.0338244,10.3000001907349,331885.139566046,4665454.919194,19,T,1.13956604572013,0.919194001704454,273
1580683467.9742,279,1580683467,973511934,gps,42.1231824,71.0338244,10.3000001907349,331885.139566046,4665454.919194,19,T,1.13956604572013,0.919194001704454,274
1580683468.97421,280,1580683468,973603010,gps,42.1231824,71.0338244,10.3000001907349,331885.139566046,4665454.919194,19,T,1.13956604572013,0.919194001704454,275
1580683469.96316,281,1580683469,962547063,gps,42.1231824,71.0338244,10.3000001907349,331885.139566046,4665454.919194,19,T,1.13956604572013,0.919194001704454,276
1580683470.97384,282,1580683470,973223924,gps,42.1231824,71.0338244,10.3000001907349,331885.139566046,4665454.919194,19,T,1.13956604572013,0.919194001704454,277
1580683471.97395,283,1580683471,973398923,gps,42.1231824,71.0338244,10.3000001907349,331885.139566046,4665454.919194,19,T,1.13956604572013,0.919194001704454,278
1580683472.97382,284,1580683472,973253011,gps,42.1231824,71.0338244,10.3000001907349,331885.139566046,4665454.919194,19,T,1.13956604572013,0.919194001704454,279
1580683473.97019,285,1580683473,969593048,gps,42.1231824,71.0338244,10.3000001907349,331885.139566046,4665454.919194,19,T,1.13956604572013,0.919194001704454,280
1580683474.97042,286,1580683474,969827890,gps,42.1231824,71.0338244,10.3000001907349,331885.139566046,4665454.919194,19,T,1.13956604572013,0.919194001704454,281
1580683475.96571,287,1580683475,964951038,gps,42.1231824,71.0338244,10.3000001907349,331885.139566046,4665454.919194,19,T,1.13956604572013,0.919194001704454,282
1580683476.97635,288,1580683476,975636959,gps,42.1231824,71.0338244,10.3000001907349,331885.139566046,4665454.919194,19,T,1.13956604572013,0.919194001704454,283
1580683477.97021,289,1580683477,969583988,gps,42.1231824,71.0338244,10.3000001907349,331885.139566046,4665454.919194,19,T,1.13956604572013,0.919194001704454,284
1580683478.97286,290,1580683478,972151041,gps,42.1231824,71.0338244,10.3000001907349,331885.139566046,4665454.919194,19,T,1.13956604572013,0.919194001704454,285
1580683479.97365,291,1580683479,973022937,gps,42.1231824,71.033825,10.3000001907349,331885.089968236,4665454.92037536,19,T,1.08996823633788,0.920375362969935,286
1580683480.97052,292,1580683480,969780921,gps,42.1231824,71.033825,10.3000001907349,331885.089968236,4665454.92037536,19,T,1.08996823633788,0.920375362969935,287
1580683481.96921,293,1580683481,968564987,gps,42.1231824,71.033825,10.3000001907349,331885.089968236,4665454.92037536,19,T,1.08996823633788,0.920375362969935,288
1580683482.97381,294,1580683482,973140954,gps,42.1231824,71.033825,10.3000001907349,331885.089968236,4665454.92037536,19,T,1.08996823633788,0.920375362969935,289
1580683483.96766,295,1580683483,966973066,gps,42.1231824,71.033825,10.3000001907349,331885.089968236,4665454.92037536,19,T,1.08996823633788,0.920375362969935,290
1580683484.97327,296,1580683484,972662925,gps,42.1231824,71.033825,10.3000001907349,331885.089968236,4665454.92037536,19,T,1.08996823633788,0.920375362969935,291
1580683485.99874,297,1580683485,998033046,gps,42.1231824,71.033825,10.3000001907349,331885.089968236,4665454.92037536,19,T,1.08996823633788,0.920375362969935,292
1580683486.97318,298,1580683486,972592115,gps,42.1231824,71.033825,10.3000001907349,331885.089968236,4665454.92037536,19,T,1.08996823633788,0.920375362969935,293
1580683487.96949,299,1580683487,968751907,gps,42.1231824,71.033825,10.3000001907349,331885.089968236,4665454.92037536,19,T,1.08996823633788,0.920375362969935,294
1580683488.97724,300,1580683488,976485013,gps,42.1231824,71.033825,10.3000001907349,331885.089968236,4665454.92037536,19,T,1.08996823633788,0.920375362969935,295
1580683489.99819,301,1580683489,997519016,gps,42.1231824,71.033825,10.3000001907349,331885.089968236,4665454.92037536,19,T,1.08996823633788,0.920375362969935,296
1580683490.9705,302,1580683490,969877004,gps,42.1231824,71.033825,10.3000001907349,331885.089968236,4665454.92037536,19,T,1.08996823633788,0.920375362969935,297
1580683491.99793,303,1580683491,997338056,gps,42.1231824,71.033825,10.3000001907349,331885.089968236,4665454.92037536,19,T,1.08996823633788,0.920375362969935,298
1580683492.97074,304,1580683492,970029115,gps,42.1231824,71.033825,10.3000001907349,331885.089968236,4665454.92037536,19,T,1.08996823633788,0.920375362969935,299
1580683493.96939,305,1580683493,968702077,gps,42.1231824,71.033825,10.3000001907349,331885.089968236,4665454.92037536,19,T,1.08996823633788,0.920375362969935,300
1580683494.96462,306,1580683494,963980913,gps,42.1231824,71.033825,10.3000001907349,331885.089968236,4665454.92037536,19,T,1.08996823633788,0.920375362969935,301
1580683495.96411,307,1580683495,963370084,gps,42.1231824,71.033825,10.3000001907349,331885.089968236,4665454.92037536,19,T,1.08996823633788,0.920375362969935,302
1580683496.97053,308,1580683496,969881057,gps,42.1231824,71.033825,10.3000001907349,331885.089968236,4665454.92037536,19,T,1.08996823633788,0.920375362969935,303
1580683497.96864,309,1580683497,968070983,gps,42.1231824,71.033825,10.3000001907349,331885.089968236,4665454.92037536,19,T,1.08996823633788,0.920375362969935,304
1580683498.97034,310,1580683498,969633102,gps,42.1231824,71.033825,10.3000001907349,331885.089968236,4665454.92037536,19,T,1.08996823633788,0.920375362969935,305
1580683499.99059,311,1580683499,990025043,gps,42.1231824,71.033825,10.3000001907349,331885.089968236,4665454.92037536,19,T,1.08996823633788,0.920375362969935,306
1580683500.96601,312,1580683500,965415000,gps,42.1231824,71.033825,10.3000001907349,331885.089968236,4665454.92037536,19,T,1.08996823633788,0.920375362969935,307
1580683501.96023,313,1580683501,959604978,gps,42.1231824,71.033825,10.3000001907349,331885.089968236,4665454.92037536,19,T,1.08996823633788,0.920375362969935,308
1580683502.96804,314,1580683502,967210054,gps,42.1231824,71.033825,10.3000001907349,331885.089968236,4665454.92037536,19,T,1.08996823633788,0.920375362969935,309
1580683503.9933,315,1580683503,992614030,gps,42.1231824,71.033825,10.3000001907349,331885.089968236,4665454.92037536,19,T,1.08996823633788,0.920375362969935,310
1580683504.96543,316,1580683504,964819908,gps,42.1231824,71.033825,10.3000001907349,331885.089968236,4665454.92037536,19,T,1.08996823633788,0.920375362969935,311
1580683505.99235,317,1580683505,992085933,gps,42.1231824,71.033825,10.3000001907349,331885.089968236,4665454.92037536,19,T,1.08996823633788,0.920375362969935,312
1580683506.95934,318,1580683506,959137916,gps,42.1231824,71.033825,10.3000001907349,331885.089968236,4665454.92037536,19,T,1.08996823633788,0.920375362969935,313
1580683507.95983,319,1580683507,959074974,gps,42.1231824,71.033825,10.3000001907349,331885.089968236,4665454.92037536,19,T,1.08996823633788,0.920375362969935,314
1580683508.9665,320,1580683508,965869903,gps,42.1231824,71.033825,10.3000001907349,331885.089968236,4665454.92037536,19,T,1.08996823633788,0.920375362969935,315
1580683509.96556,321,1580683509,965065002,gps,42.1231824,71.033825,10.3000001907349,331885.089968236,4665454.92037536,19,T,1.08996823633788,0.920375362969935,316
1580683510.96517,322,1580683510,964514970,gps,42.1231824,71.033825,10.3000001907349,331885.089968236,4665454.92037536,19,T,1.08996823633788,0.920375362969935,317
1580683511.96642,323,1580683511,965665102,gps,42.1231824,71.033825,10.3000001907349,331885.089968236,4665454.92037536,19,T,1.08996823633788,0.920375362969935,318
1580683512.96748,324,1580683512,966689109,gps,42.1231824,71.033825,10.3000001907349,331885.089968236,4665454.92037536,19,T,1.08996823633788,0.920375362969935,319
1580683513.96666,325,1580683513,966061115,gps,42.1231824,71.033825,10.3000001907349,331885.089968236,4665454.92037536,19,T,1.08996823633788,0.920375362969935,320
1580683514.96585,326,1580683514,965197086,gps,42.1231824,71.033825,10.3000001907349,331885.089968236,4665454.92037536,19,T,1.08996823633788,0.920375362969935,321
1580683515.96519,327,1580683515,964641094,gps,42.1231824,71.033825,10.3000001907349,331885.089968236,4665454.92037536,19,T,1.08996823633788,0.920375362969935,322
1580683516.96552,328,1580683516,964937925,gps,42.1231824,71.033825,10.3000001907349,331885.089968236,4665454.92037536,19,T,1.08996823633788,0.920375362969935,323
1580683517.95966,329,1580683517,958885908,gps,42.1231824,71.033825,10.3000001907349,331885.089968236,4665454.92037536,19,T,1.08996823633788,0.920375362969935,324
1580683518.9662,330,1580683518,965363979,gps,42.1231824,71.033825,10.3000001907349,331885.089968236,4665454.92037536,19,T,1.08996823633788,0.920375362969935,325
1580683519.96638,331,1580683519,965702056,gps,42.123183,71.0338256,10.1000003814697,331885.041957309,4665454.98817975,19,T,1.04195730912033,0.988179752603173,326
1580683520.96592,332,1580683520,965245962,gps,42.123183,71.0338256,10.1000003814697,331885.041957309,4665454.98817975,19,T,1.04195730912033,0.988179752603173,327
1580683521.96432,333,1580683521,963644027,gps,42.123183,71.0338256,10.1000003814697,331885.041957309,4665454.98817975,19,T,1.04195730912033,0.988179752603173,328
1580683522.96621,334,1580683522,965564966,gps,42.123183,71.0338256,10.1000003814697,331885.041957309,4665454.98817975,19,T,1.04195730912033,0.988179752603173,329
1580683523.95879,335,1580683523,958069086,gps,42.123183,71.0338256,10.1000003814697,331885.041957309,4665454.98817975,19,T,1.04195730912033,0.988179752603173,330
1580683524.98192,336,1580683524,981246948,gps,42.123183,71.0338256,10.1000003814697,331885.041957309,4665454.98817975,19,T,1.04195730912033,0.988179752603173,331
1580683525.9651,337,1580683525,964452981,gps,42.123183,71.0338256,10.1000003814697,331885.041957309,4665454.98817975,19,T,1.04195730912033,0.988179752603173,332
1580683526.96597,338,1580683526,965342998,gps,42.123183,71.0338256,10.1000003814697,331885.041957309,4665454.98817975,19,T,1.04195730912033,0.988179752603173,333
1580683527.96627,339,1580683527,965550899,gps,42.123183,71.0338256,10.1000003814697,331885.041957309,4665454.98817975,19,T,1.04195730912033,0.988179752603173,334
1580683528.96763,340,1580683528,967046022,gps,42.123183,71.0338256,10.1000003814697,331885.041957309,4665454.98817975,19,T,1.04195730912033,0.988179752603173,335
1580683529.96644,341,1580683529,965774059,gps,42.123183,71.0338256,10.1000003814697,331885.041957309,4665454.98817975,19,T,1.04195730912033,0.988179752603173,336
1580683530.96764,342,1580683530,967051029,gps,42.123183,71.0338256,10.1000003814697,331885.041957309,4665454.98817975,19,T,1.04195730912033,0.988179752603173,337
1580683531.95981,343,1580683531,959111928,gps,42.123183,71.0338256,10.1000003814697,331885.041957309,4665454.98817975,19,T,1.04195730912033,0.988179752603173,338
1580683532.9683,344,1580683532,967617988,gps,42.123183,71.0338256,10.1000003814697,331885.041957309,4665454.98817975,19,T,1.04195730912033,0.988179752603173,339
1580683533.96947,345,1580683533,968853950,gps,42.123183,71.0338256,10.1000003814697,331885.041957309,4665454.98817975,19,T,1.04195730912033,0.988179752603173,340
1580683534.96978,346,1580683534,969175100,gps,42.123183,71.0338256,10.1000003814697,331885.041957309,4665454.98817975,19,T,1.04195730912033,0.988179752603173,341
1580683535.97385,347,1580683535,973052024,gps,42.123183,71.0338256,10.1000003814697,331885.041957309,4665454.98817975,19,T,1.04195730912033,0.988179752603173,342
1580683536.99273,348,1580683536,992036104,gps,42.123183,71.0338256,10.1000003814697,331885.041957309,4665454.98817975,19,T,1.04195730912033,0.988179752603173,343
1580683537.96898,349,1580683537,968274116,gps,42.123183,71.0338256,10.1999998092651,331885.041957309,4665454.98817975,19,T,1.04195730912033,0.988179752603173,344
1580683538.96996,350,1580683538,969315052,gps,42.123183,71.0338256,10.1999998092651,331885.041957309,4665454.98817975,19,T,1.04195730912033,0.988179752603173,345
1580683539.97409,351,1580683539,973349094,gps,42.123183,71.0338256,10.1000003814697,331885.041957309,4665454.98817975,19,T,1.04195730912033,0.988179752603173,346
1580683540.99913,352,1580683540,998353004,gps,42.123183,71.0338256,10.1000003814697,331885.041957309,4665454.98817975,19,T,1.04195730912033,0.988179752603173,347
1580683541.96871,353,1580683541,968027114,gps,42.123183,71.0338256,10.1000003814697,331885.041957309,4665454.98817975,19,T,1.04195730912033,0.988179752603173,348
1580683542.99846,354,1580683542,997770071,gps,42.123183,71.0338256,10.1000003814697,331885.041957309,4665454.98817975,19,T,1.04195730912033,0.988179752603173,349
1580683543.96971,355,1580683543,969053030,gps,42.123183,71.0338256,10.1000003814697,331885.041957309,4665454.98817975,19,T,1.04195730912033,0.988179752603173,350
1580683544.97019,356,1580683544,969521045,gps,42.123183,71.0338256,10.1000003814697,331885.041957309,4665454.98817975,19,T,1.04195730912033,0.988179752603173,351
1580683545.96631,357,1580683545,965660095,gps,42.123183,71.0338256,10.1000003814697,331885.041957309,4665454.98817975,19,T,1.04195730912033,0.988179752603173,352
1580683546.96627,358,1580683546,965737104,gps,42.123183,71.0338256,10.1000003814697,331885.041957309,4665454.98817975,19,T,1.04195730912033,0.988179752603173,353
1580683547.9661,359,1580683547,965370893,gps,42.123183,71.0338256,10.1000003814697,331885.041957309,4665454.98817975,19,T,1.04195730912033,0.988179752603173,354
1580683548.96708,360,1580683548,966465950,gps,42.123183,71.0338256,10.1000003814697,331885.041957309,4665454.98817975,19,T,1.04195730912033,0.988179752603173,355
1580683549.98578,361,1580683549,985058069,gps,42.123183,71.0338256,10.1000003814697,331885.041957309,4665454.98817975,19,T,1.04195730912033,0.988179752603173,356
1580683550.96581,362,1580683550,965121984,gps,42.123183,71.0338256,10.1000003814697,331885.041957309,4665454.98817975,19,T,1.04195730912033,0.988179752603173,357
1580683551.96641,363,1580683551,965717077,gps,42.123183,71.0338256,10.1000003814697,331885.041957309,4665454.98817975,19,T,1.04195730912033,0.988179752603173,358
1580683552.9672,364,1580683552,966480970,gps,42.123183,71.0338256,10.1000003814697,331885.041957309,4665454.98817975,19,T,1.04195730912033,0.988179752603173,359
1580683553.99326,365,1580683553,992618083,gps,42.123183,71.0338256,10.1000003814697,331885.041957309,4665454.98817975,19,T,1.04195730912033,0.988179752603173,360
1580683554.96039,366,1580683554,959686040,gps,42.123183,71.0338256,10.1000003814697,331885.041957309,4665454.98817975,19,T,1.04195730912033,0.988179752603173,361
1580683555.98702,367,1580683555,986392974,gps,42.123183,71.0338256,10.1000003814697,331885.041957309,4665454.98817975,19,T,1.04195730912033,0.988179752603173,362
1580683556.9662,368,1580683556,965611934,gps,42.123183,71.0338256,10.1000003814697,331885.041957309,4665454.98817975,19,T,1.04195730912033,0.988179752603173,363
1580683557.96558,369,1580683557,964879035,gps,42.123183,71.0338256,10.1000003814697,331885.041957309,4665454.98817975,19,T,1.04195730912033,0.988179752603173,364
1580683558.96737,370,1580683558,966631889,gps,42.123183,71.0338256,10.1000003814697,331885.041957309,4665454.98817975,19,T,1.04195730912033,0.988179752603173,365
1580683559.95984,371,1580683559,959131956,gps,42.123183,71.0338256,10.1000003814697,331885.041957309,4665454.98817975,19,T,1.04195730912033,0.988179752603173,366
1580683560.96768,372,1580683560,966962099,gps,42.123183,71.0338256,10.1000003814697,331885.041957309,4665454.98817975,19,T,1.04195730912033,0.988179752603173,367
1580683561.96484,373,1580683561,964174032,gps,42.123183,71.0338256,10.1000003814697,331885.041957309,4665454.98817975,19,T,1.04195730912033,0.988179752603173,368
1580683562.96585,374,1580683562,965254068,gps,42.123183,71.0338256,10.1000003814697,331885.041957309,4665454.98817975,19,T,1.04195730912033,0.988179752603173,369
1580683563.96897,375,1580683563,968281030,gps,42.123183,71.0338256,10.1000003814697,331885.041957309,4665454.98817975,19,T,1.04195730912033,0.988179752603173,370
1580683564.96528,376,1580683564,964612960,gps,42.123183,71.0338256,10.1000003814697,331885.041957309,4665454.98817975,19,T,1.04195730912033,0.988179752603173,371
1580683565.95768,377,1580683565,957058906,gps,42.123183,71.0338256,10.1000003814697,331885.041957309,4665454.98817975,19,T,1.04195730912033,0.988179752603173,372
1580683566.96734,378,1580683566,966469049,gps,42.123183,71.0338256,10.1000003814697,331885.041957309,4665454.98817975,19,T,1.04195730912033,0.988179752603173,373
1580683567.96505,379,1580683567,964370965,gps,42.123183,71.0338256,10.1000003814697,331885.041957309,4665454.98817975,19,T,1.04195730912033,0.988179752603173,374
1580683568.96575,380,1580683568,965075969,gps,42.123183,71.0338256,10.1000003814697,331885.041957309,4665454.98817975,19,T,1.04195730912033,0.988179752603173,375
1580683569.96821,381,1580683569,967473983,gps,42.123183,71.0338256,10.1000003814697,331885.041957309,4665454.98817975,19,T,1.04195730912033,0.988179752603173,376
1580683570.96854,382,1580683570,968000888,gps,42.123183,71.0338256,10.1000003814697,331885.041957309,4665454.98817975,19,T,1.04195730912033,0.988179752603173,377
1580683571.95928,383,1580683571,958475112,gps,42.123183,71.0338256,10.1000003814697,331885.041957309,4665454.98817975,19,T,1.04195730912033,0.988179752603173,378
1580683572.96175,384,1580683572,961072921,gps,42.123183,71.0338256,10.1000003814697,331885.041957309,4665454.98817975,19,T,1.04195730912033,0.988179752603173,379
1580683573.96762,385,1580683573,967005014,gps,42.123183,71.0338256,10.1000003814697,331885.041957309,4665454.98817975,19,T,1.04195730912033,0.988179752603173,380
1580683574.9677,386,1580683574,967087030,gps,42.123183,71.0338256,10.1000003814697,331885.041957309,4665454.98817975,19,T,1.04195730912033,0.988179752603173,381
1580683575.96824,387,1580683575,967472076,gps,42.123183,71.0338256,10.1000003814697,331885.041957309,4665454.98817975,19,T,1.04195730912033,0.988179752603173,382
1580683576.96734,388,1580683576,966749906,gps,42.123183,71.0338256,10.1000003814697,331885.041957309,4665454.98817975,19,T,1.04195730912033,0.988179752603173,383
1580683577.96972,389,1580683577,969039916,gps,42.123183,71.0338256,10.1000003814697,331885.041957309,4665454.98817975,19,T,1.04195730912033,0.988179752603173,384
1580683578.97016,390,1580683578,969494104,gps,42.123183,71.0338256,10.1000003814697,331885.041957309,4665454.98817975,19,T,1.04195730912033,0.988179752603173,385
1580683579.95925,391,1580683579,958623886,gps,42.123183,71.0338256,10.1000003814697,331885.041957309,4665454.98817975,19,T,1.04195730912033,0.988179752603173,386
1580683580.96615,392,1580683580,965442895,gps,42.123183,71.0338256,10.1000003814697,331885.041957309,4665454.98817975,19,T,1.04195730912033,0.988179752603173,387
1580683581.96835,393,1580683581,967613935,gps,42.123183,71.0338256,10.1000003814697,331885.041957309,4665454.98817975,19,T,1.04195730912033,0.988179752603173,388
1580683582.96602,394,1580683582,965306997,gps,42.123183,71.0338256,10.1000003814697,331885.041957309,4665454.98817975,19,T,1.04195730912033,0.988179752603173,389
1580683583.96707,395,1580683583,966453075,gps,42.123183,71.0338256,10.1000003814697,331885.041957309,4665454.98817975,19,T,1.04195730912033,0.988179752603173,390
1580683584.96616,396,1580683584,965543985,gps,42.123183,71.0338256,10.1000003814697,331885.041957309,4665454.98817975,19,T,1.04195730912033,0.988179752603173,391
1580683585.95924,397,1580683585,958590030,gps,42.123183,71.0338256,10.1000003814697,331885.041957309,4665454.98817975,19,T,1.04195730912033,0.988179752603173,392
1580683586.99431,398,1580683586,993575096,gps,42.123183,71.0338256,10.1000003814697,331885.041957309,4665454.98817975,19,T,1.04195730912033,0.988179752603173,393
1580683587.96672,399,1580683587,966087102,gps,42.123183,71.0338256,10.1000003814697,331885.041957309,4665454.98817975,19,T,1.04195730912033,0.988179752603173,394
1580683588.9661,400,1580683588,965498924,gps,42.123183,71.0338256,10.1999998092651,331885.041957309,4665454.98817975,19,T,1.04195730912033,0.988179752603173,395
1580683589.95981,401,1580683589,959018945,gps,42.123183,71.0338256,10.1999998092651,331885.041957309,4665454.98817975,19,T,1.04195730912033,0.988179752603173,396
1580683590.9944,402,1580683590,993643045,gps,42.123183,71.0338256,10.1999998092651,331885.041957309,4665454.98817975,19,T,1.04195730912033,0.988179752603173,397
1580683591.96695,403,1580683591,966317892,gps,42.123183,71.0338256,10.1999998092651,331885.041957309,4665454.98817975,19,T,1.04195730912033,0.988179752603173,398
1580683592.96867,404,1580683592,967979907,gps,42.123183,71.0338256,10.1999998092651,331885.041957309,4665454.98817975,19,T,1.04195730912033,0.988179752603173,399
1580683593.993,405,1580683593,992227077,gps,42.123183,71.0338256,10.1999998092651,331885.041957309,4665454.98817975,19,T,1.04195730912033,0.988179752603173,400
1580683594.96664,406,1580683594,965964078,gps,42.123183,71.0338256,10.1999998092651,331885.041957309,4665454.98817975,19,T,1.04195730912033,0.988179752603173,401
1580683595.96771,407,1580683595,967065095,gps,42.123183,71.0338256,10.1999998092651,331885.041957309,4665454.98817975,19,T,1.04195730912033,0.988179752603173,402
1580683596.97451,408,1580683596,973951101,gps,42.123183,71.0338256,10.1999998092651,331885.041957309,4665454.98817975,19,T,1.04195730912033,0.988179752603173,403
1580683597.96321,409,1580683597,962521076,gps,42.123183,71.0338256,10.1999998092651,331885.041957309,4665454.98817975,19,T,1.04195730912033,0.988179752603173,404
1580683598.96989,410,1580683598,969156026,gps,42.123183,71.0338256,10.1999998092651,331885.041957309,4665454.98817975,19,T,1.04195730912033,0.988179752603173,405
1580683599.969,411,1580683599,968337059,gps,42.123183,71.0338256,10.1999998092651,331885.041957309,4665454.98817975,19,T,1.04195730912033,0.988179752603173,406
1580683600.99591,412,1580683600,995146036,gps,42.123183,71.0338256,10.1999998092651,331885.041957309,4665454.98817975,19,T,1.04195730912033,0.988179752603173,407
1580683601.96406,413,1580683601,963466882,gps,42.123183,71.0338256,10.1999998092651,331885.041957309,4665454.98817975,19,T,1.04195730912033,0.988179752603173,408
1580683602.96284,414,1580683602,962275028,gps,42.123183,71.0338256,10.1999998092651,331885.041957309,4665454.98817975,19,T,1.04195730912033,0.988179752603173,409
1580683603.96023,415,1580683603,959614992,gps,42.123183,71.0338256,10.1999998092651,331885.041957309,4665454.98817975,19,T,1.04195730912033,0.988179752603173,410
1580683604.99558,416,1580683604,994869947,gps,42.123183,71.0338256,10.1999998092651,331885.041957309,4665454.98817975,19,T,1.04195730912033,0.988179752603173,411
1580683605.96732,417,1580683605,966662883,gps,42.123183,71.0338256,10.3000001907349,331885.041957309,4665454.98817975,19,T,1.04195730912033,0.988179752603173,412
1580683606.96843,418,1580683606,967822074,gps,42.123183,71.0338256,10.3000001907349,331885.041957309,4665454.98817975,19,T,1.04195730912033,0.988179752603173,413
1580683607.99513,419,1580683607,994530916,gps,42.123183,71.0338262,10.3000001907349,331884.992359501,4665454.98936111,19,T,0.992359501193278,0.989361114799976,414
1580683608.96482,420,1580683608,964122056,gps,42.123183,71.0338262,10.3000001907349,331884.992359501,4665454.98936111,19,T,0.992359501193278,0.989361114799976,415
1580683609.96913,421,1580683609,968537092,gps,42.123183,71.0338262,10.3000001907349,331884.992359501,4665454.98936111,19,T,0.992359501193278,0.989361114799976,416
1580683610.96897,422,1580683610,968261003,gps,42.123183,71.0338262,10.3000001907349,331884.992359501,4665454.98936111,19,T,0.992359501193278,0.989361114799976,417
1580683611.96927,423,1580683611,968502998,gps,42.123183,71.0338262,10.3000001907349,331884.992359501,4665454.98936111,19,T,0.992359501193278,0.989361114799976,418
1580683612.96959,424,1580683612,969008922,gps,42.123183,71.0338262,10.3000001907349,331884.992359501,4665454.98936111,19,T,0.992359501193278,0.989361114799976,419
1580683613.96265,425,1580683613,962013959,gps,42.123183,71.0338262,10.3000001907349,331884.992359501,4665454.98936111,19,T,0.992359501193278,0.989361114799976,420
1580683614.96848,426,1580683614,967868089,gps,42.123183,71.0338262,10.3000001907349,331884.992359501,4665454.98936111,19,T,0.992359501193278,0.989361114799976,421
1580683615.96843,427,1580683615,967678070,gps,42.123183,71.0338262,10.3000001907349,331884.992359501,4665454.98936111,19,T,0.992359501193278,0.989361114799976,422
1580683616.96827,428,1580683616,967628002,gps,42.123183,71.0338262,10.3000001907349,331884.992359501,4665454.98936111,19,T,0.992359501193278,0.989361114799976,423
1580683617.96964,429,1580683617,968949079,gps,42.123183,71.0338262,10.3000001907349,331884.992359501,4665454.98936111,19,T,0.992359501193278,0.989361114799976,424
1580683618.96795,430,1580683618,967189073,gps,42.123183,71.0338262,10.3000001907349,331884.992359501,4665454.98936111,19,T,0.992359501193278,0.989361114799976,425
1580683619.9632,431,1580683619,962568998,gps,42.123183,71.0338262,10.3000001907349,331884.992359501,4665454.98936111,19,T,0.992359501193278,0.989361114799976,426
1580683620.97351,432,1580683620,972918033,gps,42.123183,71.0338262,10.3000001907349,331884.992359501,4665454.98936111,19,T,0.992359501193278,0.989361114799976,427
1580683621.97014,433,1580683621,969378948,gps,42.123183,71.0338262,10.3000001907349,331884.992359501,4665454.98936111,19,T,0.992359501193278,0.989361114799976,428
1580683622.97056,434,1580683622,969837903,gps,42.123183,71.0338262,10.3000001907349,331884.992359501,4665454.98936111,19,T,0.992359501193278,0.989361114799976,429
1580683623.96386,435,1580683623,963120937,gps,42.123183,71.0338262,10.3000001907349,331884.992359501,4665454.98936111,19,T,0.992359501193278,0.989361114799976,430
1580683624.96364,436,1580683624,963033914,gps,42.123183,71.0338262,10.3000001907349,331884.992359501,4665454.98936111,19,T,0.992359501193278,0.989361114799976,431
1580683625.96352,437,1580683625,962768077,gps,42.123183,71.0338262,10.3000001907349,331884.992359501,4665454.98936111,19,T,0.992359501193278,0.989361114799976,432
1580683626.96279,438,1580683626,962188959,gps,42.123183,71.0338262,10.3000001907349,331884.992359501,4665454.98936111,19,T,0.992359501193278,0.989361114799976,433
1580683627.95513,439,1580683627,954442977,gps,42.123183,71.0338262,10.3000001907349,331884.992359501,4665454.98936111,19,T,0.992359501193278,0.989361114799976,434
1580683628.96394,440,1580683628,963185071,gps,42.123183,71.0338262,10.3000001907349,331884.992359501,4665454.98936111,19,T,0.992359501193278,0.989361114799976,435
1580683629.96672,441,1580683629,966010093,gps,42.123183,71.0338262,10.3000001907349,331884.992359501,4665454.98936111,19,T,0.992359501193278,0.989361114799976,436
1580683630.96971,442,1580683630,969153881,gps,42.123183,71.0338262,10.3000001907349,331884.992359501,4665454.98936111,19,T,0.992359501193278,0.989361114799976,437
1580683631.96953,443,1580683631,968776941,gps,42.123183,71.0338262,10.3000001907349,331884.992359501,4665454.98936111,19,T,0.992359501193278,0.989361114799976,438
1580683632.97307,444,1580683632,972359895,gps,42.123183,71.0338262,10.3000001907349,331884.992359501,4665454.98936111,19,T,0.992359501193278,0.989361114799976,439
1580683633.96199,445,1580683633,961235046,gps,42.123183,71.0338262,10.3000001907349,331884.992359501,4665454.98936111,19,T,0.992359501193278,0.989361114799976,440
1580683634.96975,446,1580683634,969177961,gps,42.123183,71.0338262,10.3000001907349,331884.992359501,4665454.98936111,19,T,0.992359501193278,0.989361114799976,441
1580683635.97426,447,1580683635,973661899,gps,42.123183,71.0338262,10.3000001907349,331884.992359501,4665454.98936111,19,T,0.992359501193278,0.989361114799976,442
1580683636.97016,448,1580683636,969434022,gps,42.123183,71.0338262,10.3000001907349,331884.992359501,4665454.98936111,19,T,0.992359501193278,0.989361114799976,443
1580683637.98868,449,1580683637,988066911,gps,42.123183,71.0338262,10.3000001907349,331884.992359501,4665454.98936111,19,T,0.992359501193278,0.989361114799976,444
1580683638.97041,450,1580683638,969794988,gps,42.123183,71.0338262,10.3000001907349,331884.992359501,4665454.98936111,19,T,0.992359501193278,0.989361114799976,445
1580683639.97049,451,1580683639,969935894,gps,42.123183,71.0338262,10.3000001907349,331884.992359501,4665454.98936111,19,T,0.992359501193278,0.989361114799976,446
1580683640.99806,452,1580683640,997342109,gps,42.123183,71.0338262,10.3000001907349,331884.992359501,4665454.98936111,19,T,0.992359501193278,0.989361114799976,447
1580683641.96917,453,1580683641,968545913,gps,42.123183,71.0338262,10.3000001907349,331884.992359501,4665454.98936111,19,T,0.992359501193278,0.989361114799976,448
1580683642.97338,454,1580683642,972718000,gps,42.123183,71.0338262,10.3000001907349,331884.992359501,4665454.98936111,19,T,0.992359501193278,0.989361114799976,449
1580683643.99483,455,1580683643,994208097,gps,42.123183,71.0338262,10.3000001907349,331884.992359501,4665454.98936111,19,T,0.992359501193278,0.989361114799976,450
1580683644.97012,456,1580683644,969383001,gps,42.123183,71.0338268,10.3999996185303,331884.942761691,4665454.99054248,19,T,0.942761691170745,0.990542476065457,451
1580683645.96684,457,1580683645,966157913,gps,42.123183,71.0338268,10.3999996185303,331884.942761691,4665454.99054248,19,T,0.942761691170745,0.990542476065457,452
1580683646.96592,458,1580683646,965415000,gps,42.123183,71.0338268,10.3999996185303,331884.942761691,4665454.99054248,19,T,0.942761691170745,0.990542476065457,453
1580683647.9746,459,1580683647,973870038,gps,42.123183,71.0338268,10.3999996185303,331884.942761691,4665454.99054248,19,T,0.942761691170745,0.990542476065457,454
1580683648.96707,460,1580683648,966396093,gps,42.123183,71.0338268,10.3999996185303,331884.942761691,4665454.99054248,19,T,0.942761691170745,0.990542476065457,455
1580683649.96701,461,1580683649,966283082,gps,42.123183,71.0338268,10.3999996185303,331884.942761691,4665454.99054248,19,T,0.942761691170745,0.990542476065457,456
1580683650.98757,462,1580683650,987050056,gps,42.123183,71.0338268,10.3999996185303,331884.942761691,4665454.99054248,19,T,0.942761691170745,0.990542476065457,457
1580683651.96957,463,1580683651,969100952,gps,42.123183,71.0338268,10.3999996185303,331884.942761691,4665454.99054248,19,T,0.942761691170745,0.990542476065457,458
1580683652.97109,464,1580683652,970427989,gps,42.123183,71.0338268,10.3999996185303,331884.942761691,4665454.99054248,19,T,0.942761691170745,0.990542476065457,459
1580683653.96972,465,1580683653,969013929,gps,42.123183,71.0338268,10.3999996185303,331884.942761691,4665454.99054248,19,T,0.942761691170745,0.990542476065457,460
1580683654.99873,466,1580683654,997976064,gps,42.123183,71.0338268,10.3999996185303,331884.942761691,4665454.99054248,19,T,0.942761691170745,0.990542476065457,461
1580683655.96962,467,1580683655,968879938,gps,42.123183,71.0338268,10.3999996185303,331884.942761691,4665454.99054248,19,T,0.942761691170745,0.990542476065457,462
1580683656.96929,468,1580683656,968574047,gps,42.123183,71.0338268,10.3999996185303,331884.942761691,4665454.99054248,19,T,0.942761691170745,0.990542476065457,463
1580683657.99323,469,1580683657,992654085,gps,42.123183,71.0338268,10.3999996185303,331884.942761691,4665454.99054248,19,T,0.942761691170745,0.990542476065457,464
1580683658.97025,470,1580683658,969635009,gps,42.123183,71.0338268,10.3999996185303,331884.942761691,4665454.99054248,19,T,0.942761691170745,0.990542476065457,465
1580683659.96818,471,1580683659,967514991,gps,42.123183,71.0338268,10.3999996185303,331884.942761691,4665454.99054248,19,T,0.942761691170745,0.990542476065457,466
1580683660.96873,472,1580683660,968081951,gps,42.123183,71.0338268,10.3999996185303,331884.942761691,4665454.99054248,19,T,0.942761691170745,0.990542476065457,467
1580683661.96182,473,1580683661,961189031,gps,42.123183,71.0338268,10.3999996185303,331884.942761691,4665454.99054248,19,T,0.942761691170745,0.990542476065457,468
1580683662.96758,474,1580683662,966825008,gps,42.123183,71.0338268,10.3999996185303,331884.942761691,4665454.99054248,19,T,0.942761691170745,0.990542476065457,469
1580683663.96455,475,1580683663,963805913,gps,42.123183,71.0338268,10.3999996185303,331884.942761691,4665454.99054248,19,T,0.942761691170745,0.990542476065457,470
1580683664.96527,476,1580683664,964698076,gps,42.123183,71.0338268,10.3999996185303,331884.942761691,4665454.99054248,19,T,0.942761691170745,0.990542476065457,471
1580683665.96505,477,1580683665,964281082,gps,42.123183,71.0338268,10.3999996185303,331884.942761691,4665454.99054248,19,T,0.942761691170745,0.990542476065457,472
1580683666.96507,478,1580683666,964417934,gps,42.123183,71.0338268,10.3999996185303,331884.942761691,4665454.99054248,19,T,0.942761691170745,0.990542476065457,473
1580683667.95856,479,1580683667,957990884,gps,42.123183,71.0338268,10.3999996185303,331884.942761691,4665454.99054248,19,T,0.942761691170745,0.990542476065457,474
1580683668.95957,480,1580683668,958985090,gps,42.123183,71.0338268,10.3999996185303,331884.942761691,4665454.99054248,19,T,0.942761691170745,0.990542476065457,475
1580683669.96498,481,1580683669,964359045,gps,42.123183,71.0338268,10.3999996185303,331884.942761691,4665454.99054248,19,T,0.942761691170745,0.990542476065457,476
1580683670.9661,482,1580683670,965431928,gps,42.123183,71.0338268,10.3999996185303,331884.942761691,4665454.99054248,19,T,0.942761691170745,0.990542476065457,477
1580683671.96572,483,1580683671,965092897,gps,42.123183,71.0338268,10.3999996185303,331884.942761691,4665454.99054248,19,T,0.942761691170745,0.990542476065457,478
1580683672.96556,484,1580683672,964799880,gps,42.123183,71.0338268,10.3999996185303,331884.942761691,4665454.99054248,19,T,0.942761691170745,0.990542476065457,479
1580683673.96606,485,1580683673,965465068,gps,42.123183,71.0338268,10.3999996185303,331884.942761691,4665454.99054248,19,T,0.942761691170745,0.990542476065457,480
1580683674.96505,486,1580683674,964370965,gps,42.123183,71.0338268,10.3999996185303,331884.942761691,4665454.99054248,19,T,0.942761691170745,0.990542476065457,481
1580683675.95871,487,1580683675,957997083,gps,42.123183,71.0338268,10.3999996185303,331884.942761691,4665454.99054248,19,T,0.942761691170745,0.990542476065457,482
1580683676.96516,488,1580683676,964422941,gps,42.123183,71.0338268,10.3999996185303,331884.942761691,4665454.99054248,19,T,0.942761691170745,0.990542476065457,483
1580683677.96542,489,1580683677,964723110,gps,42.123183,71.0338268,10.3999996185303,331884.942761691,4665454.99054248,19,T,0.942761691170745,0.990542476065457,484
1580683678.96474,490,1580683678,964186906,gps,42.123183,71.0338268,10.3999996185303,331884.942761691,4665454.99054248,19,T,0.942761691170745,0.990542476065457,485
1580683679.96369,491,1580683679,963138103,gps,42.123183,71.0338268,10.3999996185303,331884.942761691,4665454.99054248,19,T,0.942761691170745,0.990542476065457,486
1580683680.96478,492,1580683680,964220046,gps,42.123183,71.0338268,10.3999996185303,331884.942761691,4665454.99054248,19,T,0.942761691170745,0.990542476065457,487
1580683681.97083,493,1580683681,970218896,gps,42.123183,71.0338268,10.3999996185303,331884.942761691,4665454.99054248,19,T,0.942761691170745,0.990542476065457,488
1580683682.9686,494,1580683682,967917919,gps,42.123183,71.0338268,10.3999996185303,331884.942761691,4665454.99054248,19,T,0.942761691170745,0.990542476065457,489
1580683683.96449,495,1580683683,963701963,gps,42.123183,71.0338268,10.3999996185303,331884.942761691,4665454.99054248,19,T,0.942761691170745,0.990542476065457,490
1580683684.96408,496,1580683684,963295936,gps,42.123183,71.0338268,10.3999996185303,331884.942761691,4665454.99054248,19,T,0.942761691170745,0.990542476065457,491
1580683685.96421,497,1580683685,963417053,gps,42.123183,71.0338268,10.3999996185303,331884.942761691,4665454.99054248,19,T,0.942761691170745,0.990542476065457,492
1580683686.95833,498,1580683686,957730054,gps,42.123183,71.0338268,10.3999996185303,331884.942761691,4665454.99054248,19,T,0.942761691170745,0.990542476065457,493
1580683687.96442,499,1580683687,963668107,gps,42.123183,71.0338268,10.3999996185303,331884.942761691,4665454.99054248,19,T,0.942761691170745,0.990542476065457,494
1580683688.99479,500,1580683688,994106054,gps,42.123183,71.0338268,10.3999996185303,331884.942761691,4665454.99054248,19,T,0.942761691170745,0.990542476065457,495
1580683689.96395,501,1580683689,963301897,gps,42.123183,71.0338268,10.3999996185303,331884.942761691,4665454.99054248,19,T,0.942761691170745,0.990542476065457,496
1580683690.96406,502,1580683690,963301897,gps,42.123183,71.0338268,10.3999996185303,331884.942761691,4665454.99054248,19,T,0.942761691170745,0.990542476065457,497
1580683691.98474,503,1580683691,984117984,gps,42.123183,71.0338268,10.3999996185303,331884.942761691,4665454.99054248,19,T,0.942761691170745,0.990542476065457,498
1580683692.9655,504,1580683692,964770078,gps,42.123183,71.0338268,10.3999996185303,331884.942761691,4665454.99054248,19,T,0.942761691170745,0.990542476065457,499
1580683693.99033,505,1580683693,989722013,gps,42.123183,71.0338268,10.3999996185303,331884.942761691,4665454.99054248,19,T,0.942761691170745,0.990542476065457,500
1580683694.96436,506,1580683694,963588953,gps,42.123183,71.0338268,10.3999996185303,331884.942761691,4665454.99054248,19,T,0.942761691170745,0.990542476065457,501
1580683695.96478,507,1580683695,964220046,gps,42.123183,71.0338268,10.3999996185303,331884.942761691,4665454.99054248,19,T,0.942761691170745,0.990542476065457,502
1580683696.96798,508,1580683696,967330932,gps,42.123183,71.0338268,10.3999996185303,331884.942761691,4665454.99054248,19,T,0.942761691170745,0.990542476065457,503
1580683697.9661,509,1580683697,965435981,gps,42.123183,71.0338268,10.3999996185303,331884.942761691,4665454.99054248,19,T,0.942761691170745,0.990542476065457,504
1580683698.9672,510,1580683698,966456890,gps,42.123183,71.0338268,10.3999996185303,331884.942761691,4665454.99054248,19,T,0.942761691170745,0.990542476065457,505
1580683699.96291,511,1580683699,962292909,gps,42.123183,71.0338268,10.3999996185303,331884.942761691,4665454.99054248,19,T,0.942761691170745,0.990542476065457,506
1580683700.96745,512,1580683700,966694116,gps,42.123183,71.0338268,10.3999996185303,331884.942761691,4665454.99054248,19,T,0.942761691170745,0.990542476065457,507
1580683701.99344,513,1580683701,992753028,gps,42.123183,71.0338268,10.3999996185303,331884.942761691,4665454.99054248,19,T,0.942761691170745,0.990542476065457,508
1580683702.96647,514,1580683702,965850114,gps,42.123183,71.0338268,10.3999996185303,331884.942761691,4665454.99054248,19,T,0.942761691170745,0.990542476065457,509
1580683703.96688,515,1580683703,966105937,gps,42.123183,71.0338268,10.5,331884.942761691,4665454.99054248,19,T,0.942761691170745,0.990542476065457,510
1580683704.99503,516,1580683704,994364023,gps,42.123183,71.0338268,10.5,331884.942761691,4665454.99054248,19,T,0.942761691170745,0.990542476065457,511
1580683705.96909,517,1580683705,968400001,gps,42.123183,71.0338268,10.5,331884.942761691,4665454.99054248,19,T,0.942761691170745,0.990542476065457,512
1580683706.97016,518,1580683706,969592094,gps,42.123183,71.0338268,10.5,331884.942761691,4665454.99054248,19,T,0.942761691170745,0.990542476065457,513
1580683707.9981,519,1580683707,997421979,gps,42.123183,71.0338268,10.5,331884.942761691,4665454.99054248,19,T,0.942761691170745,0.990542476065457,514
1580683708.97025,520,1580683708,969583034,gps,42.123183,71.0338268,10.5,331884.942761691,4665454.99054248,19,T,0.942761691170745,0.990542476065457,515
1580683709.96705,521,1580683709,966353893,gps,42.123183,71.0338268,10.5,331884.942761691,4665454.99054248,19,T,0.942761691170745,0.990542476065457,516
1580683710.97659,522,1580683710,975877046,gps,42.123183,71.0338268,10.5,331884.942761691,4665454.99054248,19,T,0.942761691170745,0.990542476065457,517
1580683711.97024,523,1580683711,969647884,gps,42.123183,71.0338268,10.5,331884.942761691,4665454.99054248,19,T,0.942761691170745,0.990542476065457,518
1580683712.97121,524,1580683712,970489025,gps,42.123183,71.0338268,10.5,331884.942761691,4665454.99054248,19,T,0.942761691170745,0.990542476065457,519
1580683713.97101,525,1580683713,970396995,gps,42.123183,71.0338268,10.5,331884.942761691,4665454.99054248,19,T,0.942761691170745,0.990542476065457,520
1580683714.96991,526,1580683714,969228982,gps,42.123183,71.0338268,10.5,331884.942761691,4665454.99054248,19,T,0.942761691170745,0.990542476065457,521
1580683715.96384,527,1580683715,963128089,gps,42.123183,71.0338268,10.5,331884.942761691,4665454.99054248,19,T,0.942761691170745,0.990542476065457,522
1580683716.97092,528,1580683716,970314025,gps,42.123183,71.0338268,10.5,331884.942761691,4665454.99054248,19,T,0.942761691170745,0.990542476065457,523
1580683717.97102,529,1580683717,970262050,gps,42.123183,71.0338268,10.5,331884.942761691,4665454.99054248,19,T,0.942761691170745,0.990542476065457,524
1580683718.97333,530,1580683718,972709894,gps,42.123183,71.0338268,10.5,331884.942761691,4665454.99054248,19,T,0.942761691170745,0.990542476065457,525
1580683719.97362,531,1580683719,972920894,gps,42.123183,71.0338268,10.5,331884.942761691,4665454.99054248,19,T,0.942761691170745,0.990542476065457,526
1580683720.97352,532,1580683720,972858905,gps,42.1231824,71.0338268,10.5,331884.941174808,4665454.92391945,19,T,0.94117480807472,0.923919447697699,527
1580683721.97053,533,1580683721,969917058,gps,42.1231824,71.0338268,10.5,331884.941174808,4665454.92391945,19,T,0.94117480807472,0.923919447697699,528
1580683722.97356,534,1580683722,973057031,gps,42.1231824,71.0338268,10.5,331884.941174808,4665454.92391945,19,T,0.94117480807472,0.923919447697699,529
1580683723.96457,535,1580683723,963956117,gps,42.1231824,71.0338268,10.5,331884.941174808,4665454.92391945,19,T,0.94117480807472,0.923919447697699,530
1580683724.96934,536,1580683724,968754053,gps,42.1231824,71.0338268,10.5,331884.941174808,4665454.92391945,19,T,0.94117480807472,0.923919447697699,531
1580683725.96895,537,1580683725,968161106,gps,42.1231824,71.0338268,10.5,331884.941174808,4665454.92391945,19,T,0.94117480807472,0.923919447697699,532
1580683726.96882,538,1580683726,968205928,gps,42.1231824,71.0338268,10.5,331884.941174808,4665454.92391945,19,T,0.94117480807472,0.923919447697699,533
1580683727.97903,539,1580683727,978298902,gps,42.1231824,71.0338268,10.5,331884.941174808,4665454.92391945,19,T,0.94117480807472,0.923919447697699,534
1580683728.97125,540,1580683728,970613002,gps,42.1231824,71.0338268,10.5,331884.941174808,4665454.92391945,19,T,0.94117480807472,0.923919447697699,535
1580683729.96911,541,1580683729,968374013,gps,42.1231824,71.0338268,10.5,331884.941174808,4665454.92391945,19,T,0.94117480807472,0.923919447697699,536
1580683730.96888,542,1580683730,968194961,gps,42.1231824,71.0338268,10.5,331884.941174808,4665454.92391945,19,T,0.94117480807472,0.923919447697699,537
1580683731.96899,543,1580683731,968353033,gps,42.1231824,71.0338268,10.5,331884.941174808,4665454.92391945,19,T,0.94117480807472,0.923919447697699,538
1580683732.96939,544,1580683732,968674898,gps,42.1231824,71.0338268,10.5,331884.941174808,4665454.92391945,19,T,0.94117480807472,0.923919447697699,539
1580683733.96871,545,1580683733,968101978,gps,42.1231824,71.0338268,10.5,331884.941174808,4665454.92391945,19,T,0.94117480807472,0.923919447697699,540
1580683734.96455,546,1580683734,963670969,gps,42.1231824,71.0338268,10.5,331884.941174808,4665454.92391945,19,T,0.94117480807472,0.923919447697699,541
1580683735.96381,547,1580683735,963144063,gps,42.1231824,71.0338268,10.5,331884.941174808,4665454.92391945,19,T,0.94117480807472,0.923919447697699,542
1580683736.96903,548,1580683736,968316078,gps,42.1231824,71.0338268,10.5,331884.941174808,4665454.92391945,19,T,0.94117480807472,0.923919447697699,543
1580683737.96935,549,1580683737,968667984,gps,42.1231824,71.0338268,10.5,331884.941174808,4665454.92391945,19,T,0.94117480807472,0.923919447697699,544
1580683738.99828,550,1580683738,997584104,gps,42.1231824,71.0338268,10.5,331884.941174808,4665454.92391945,19,T,0.94117480807472,0.923919447697699,545
1580683739.96351,551,1580683739,962920904,gps,42.1231824,71.0338268,10.5,331884.941174808,4665454.92391945,19,T,0.94117480807472,0.923919447697699,546
1580683740.97456,552,1580683740,973828077,gps,42.1231824,71.0338268,10.5,331884.941174808,4665454.92391945,19,T,0.94117480807472,0.923919447697699,547
1580683741.99731,553,1580683741,996674060,gps,42.1231824,71.0338268,10.5,331884.941174808,4665454.92391945,19,T,0.94117480807472,0.923919447697699,548
1580683742.97023,554,1580683742,969532966,gps,42.1231824,71.0338268,10.5,331884.941174808,4665454.92391945,19,T,0.94117480807472,0.923919447697699,549
1580683743.97015,555,1580683743,969500064,gps,42.1231824,71.0338268,10.5,331884.941174808,4665454.92391945,19,T,0.94117480807472,0.923919447697699,550
1580683744.99753,556,1580683744,996948003,gps,42.1231824,71.0338268,10.5,331884.941174808,4665454.92391945,19,T,0.94117480807472,0.923919447697699,551
1580683745.96999,557,1580683745,969158887,gps,42.1231824,71.0338268,10.5,331884.941174808,4665454.92391945,19,T,0.94117480807472,0.923919447697699,552
1580683746.97118,558,1580683746,970455884,gps,42.1231824,71.0338268,10.5,331884.941174808,4665454.92391945,19,T,0.94117480807472,0.923919447697699,553
1580683747.97519,559,1580683747,974550008,gps,42.1231824,71.0338268,10.5,331884.941174808,4665454.92391945,19,T,0.94117480807472,0.923919447697699,554
1580683748.97068,560,1580683748,970074892,gps,42.1231824,71.0338268,10.5,331884.941174808,4665454.92391945,19,T,0.94117480807472,0.923919447697699,555
1580683749.96934,561,1580683749,968775033,gps,42.1231824,71.0338268,10.5,331884.941174808,4665454.92391945,19,T,0.94117480807472,0.923919447697699,556
1580683750.96982,562,1580683750,969290971,gps,42.1231824,71.0338268,10.5,331884.941174808,4665454.92391945,19,T,0.94117480807472,0.923919447697699,557
1580683751.97853,563,1580683751,977946043,gps,42.1231824,71.0338268,10.5,331884.941174808,4665454.92391945,19,T,0.94117480807472,0.923919447697699,558
1580683752.99645,564,1580683752,995532035,gps,42.1231824,71.0338268,10.5,331884.941174808,4665454.92391945,19,T,0.94117480807472,0.923919447697699,559
1580683753.96701,565,1580683753,966305971,gps,42.1231824,71.0338268,10.5,331884.941174808,4665454.92391945,19,T,0.94117480807472,0.923919447697699,560
1580683754.96726,566,1580683754,966651916,gps,42.1231824,71.0338268,10.5,331884.941174808,4665454.92391945,19,T,0.94117480807472,0.923919447697699,561
1580683755.99558,567,1580683755,994890928,gps,42.1231824,71.0338268,10.5,331884.941174808,4665454.92391945,19,T,0.94117480807472,0.923919447697699,562
1580683756.97495,568,1580683756,974339008,gps,42.1231824,71.0338268,10.5,331884.941174808,4665454.92391945,19,T,0.94117480807472,0.923919447697699,563
1580683757.99468,569,1580683757,994085073,gps,42.1231824,71.0338268,10.5,331884.941174808,4665454.92391945,19,T,0.94117480807472,0.923919447697699,564
1580683758.96862,570,1580683758,968050003,gps,42.1231824,71.0338268,10.5,331884.941174808,4665454.92391945,19,T,0.94117480807472,0.923919447697699,565
1580683759.97032,571,1580683759,969640970,gps,42.1231824,71.0338268,10.5,331884.941174808,4665454.92391945,19,T,0.94117480807472,0.923919447697699,566
1580683760.97039,572,1580683760,969626903,gps,42.1231824,71.0338268,10.5,331884.941174808,4665454.92391945,19,T,0.94117480807472,0.923919447697699,567
1580683761.97023,573,1580683761,969573974,gps,42.1231824,71.0338268,10.5,331884.941174808,4665454.92391945,19,T,0.94117480807472,0.923919447697699,568
1580683762.97611,574,1580683762,975429058,gps,42.1231824,71.0338268,10.5,331884.941174808,4665454.92391945,19,T,0.94117480807472,0.923919447697699,569
1580683763.96406,575,1580683763,963234901,gps,42.1231824,71.0338268,10.5,331884.941174808,4665454.92391945,19,T,0.94117480807472,0.923919447697699,570
1580683764.96468,576,1580683764,963911056,gps,42.1231824,71.0338268,10.5,331884.941174808,4665454.92391945,19,T,0.94117480807472,0.923919447697699,571
1580683765.9699,577,1580683765,969147920,gps,42.1231824,71.0338274,10.5,331884.891577,4665454.92510081,19,T,0.891576999740209,0.92510080896318,572
1580683766.97898,578,1580683766,978341102,gps,42.1231824,71.0338274,10.5,331884.891577,4665454.92510081,19,T,0.891576999740209,0.92510080896318,573
1580683767.97117,579,1580683767,970560073,gps,42.1231824,71.0338274,10.5,331884.891577,4665454.92510081,19,T,0.891576999740209,0.92510080896318,574
1580683768.97151,580,1580683768,970793008,gps,42.1231824,71.0338274,10.5,331884.891577,4665454.92510081,19,T,0.891576999740209,0.92510080896318,575
1580683769.97061,581,1580683769,969938039,gps,42.1231824,71.0338274,10.5,331884.891577,4665454.92510081,19,T,0.891576999740209,0.92510080896318,576
1580683770.97104,582,1580683770,970448970,gps,42.1231824,71.0338274,10.5,331884.891577,4665454.92510081,19,T,0.891576999740209,0.92510080896318,577
1580683771.96397,583,1580683771,963375091,gps,42.1231824,71.0338274,10.5,331884.891577,4665454.92510081,19,T,0.891576999740209,0.92510080896318,578
1580683772.97926,584,1580683772,978641986,gps,42.1231824,71.0338274,10.5,331884.891577,4665454.92510081,19,T,0.891576999740209,0.92510080896318,579
1580683773.97086,585,1580683773,970213890,gps,42.1231824,71.0338274,10.5,331884.891577,4665454.92510081,19,T,0.891576999740209,0.92510080896318,580
1580683774.97042,586,1580683774,969806909,gps,42.123183,71.0338274,10.5,331884.893163883,4665454.99172384,19,T,0.893163883301895,0.991723839193583,581
1580683775.97087,587,1580683775,970189094,gps,42.123183,71.0338274,10.5,331884.893163883,4665454.99172384,19,T,0.893163883301895,0.991723839193583,582
1580683776.96562,588,1580683776,964981079,gps,42.123183,71.0338274,10.5,331884.893163883,4665454.99172384,19,T,0.893163883301895,0.991723839193583,583
1580683777.97079,589,1580683777,970155000,gps,42.123183,71.0338274,10.5,331884.893163883,4665454.99172384,19,T,0.893163883301895,0.991723839193583,584
1580683778.97048,590,1580683778,969876050,gps,42.123183,71.0338274,10.5,331884.893163883,4665454.99172384,19,T,0.893163883301895,0.991723839193583,585
1580683779.97126,591,1580683779,970647096,gps,42.123183,71.0338274,10.5,331884.893163883,4665454.99172384,19,T,0.893163883301895,0.991723839193583,586
1580683780.97322,592,1580683780,972606897,gps,42.123183,71.0338274,10.5,331884.893163883,4665454.99172384,19,T,0.893163883301895,0.991723839193583,587
1580683781.96933,593,1580683781,968650102,gps,42.123183,71.0338274,10.5,331884.893163883,4665454.99172384,19,T,0.893163883301895,0.991723839193583,588
1580683782.96539,594,1580683782,964633941,gps,42.123183,71.0338274,10.5,331884.893163883,4665454.99172384,19,T,0.893163883301895,0.991723839193583,589
1580683783.97088,595,1580683783,970184087,gps,42.123183,71.0338274,10.5,331884.893163883,4665454.99172384,19,T,0.893163883301895,0.991723839193583,590
1580683784.97366,596,1580683784,973059892,gps,42.123183,71.0338274,10.5,331884.893163883,4665454.99172384,19,T,0.893163883301895,0.991723839193583,591
1580683785.97708,597,1580683785,976476907,gps,42.123183,71.0338274,10.5,331884.893163883,4665454.99172384,19,T,0.893163883301895,0.991723839193583,592
1580683786.97056,598,1580683786,969897031,gps,42.123183,71.0338274,10.5,331884.893163883,4665454.99172384,19,T,0.893163883301895,0.991723839193583,593
1580683787.96415,599,1580683787,963398933,gps,42.123183,71.0338274,10.5,331884.893163883,4665454.99172384,19,T,0.893163883301895,0.991723839193583,594
1580683788.9645,600,1580683788,963891029,gps,42.123183,71.0338274,10.5,331884.893163883,4665454.99172384,19,T,0.893163883301895,0.991723839193583,595
1580683789.98879,601,1580683789,988151073,gps,42.123183,71.0338274,10.5,331884.893163883,4665454.99172384,19,T,0.893163883301895,0.991723839193583,596
1580683790.97101,602,1580683790,970257997,gps,42.123183,71.0338274,10.5,331884.893163883,4665454.99172384,19,T,0.893163883301895,0.991723839193583,597
1580683791.99837,603,1580683791,997771978,gps,42.123183,71.0338274,10.5,331884.893163883,4665454.99172384,19,T,0.893163883301895,0.991723839193583,598
1580683792.96973,604,1580683792,969227075,gps,42.123183,71.0338274,10.5,331884.893163883,4665454.99172384,19,T,0.893163883301895,0.991723839193583,599
1580683793.9703,605,1580683793,969564914,gps,42.123183,71.0338274,10.5,331884.893163883,4665454.99172384,19,T,0.893163883301895,0.991723839193583,600
1580683794.9933,606,1580683794,992681026,gps,42.123183,71.0338274,10.5,331884.893163883,4665454.99172384,19,T,0.893163883301895,0.991723839193583,601
1580683795.99938,607,1580683795,998760938,gps,42.123183,71.0338274,10.5,331884.893163883,4665454.99172384,19,T,0.893163883301895,0.991723839193583,602
1580683797.03936,608,1580683797,38746118,gps,42.123183,71.0338274,10.5,331884.893163883,4665454.99172384,19,T,0.893163883301895,0.991723839193583,604
1580683798.06587,609,1580683798,65102100,gps,42.123183,71.0338274,10.5,331884.893163883,4665454.99172384,19,T,0.893163883301895,0.991723839193583,605
1580683799.09159,610,1580683799,90804100,gps,42.123183,71.0338274,10.5,331884.893163883,4665454.99172384,19,T,0.893163883301895,0.991723839193583,606
1580683800.11113,611,1580683800,110557079,gps,42.123183,71.0338274,10.5,331884.893163883,4665454.99172384,19,T,0.893163883301895,0.991723839193583,607
1580683801.13078,612,1580683801,130160093,gps,42.123183,71.0338274,10.5,331884.893163883,4665454.99172384,19,T,0.893163883301895,0.991723839193583,608
1580683802.14668,613,1580683802,146076917,gps,42.123183,71.0338274,10.5,331884.893163883,4665454.99172384,19,T,0.893163883301895,0.991723839193583,609
1580683803.18912,614,1580683803,188463926,gps,42.123183,71.0338274,10.5,331884.893163883,4665454.99172384,19,T,0.893163883301895,0.991723839193583,610
1580683804.17348,615,1580683804,172852039,gps,42.123183,71.0338274,10.5,331884.893163883,4665454.99172384,19,T,0.893163883301895,0.991723839193583,611
1580683805.18518,616,1580683805,184307098,gps,42.123183,71.0338274,10.5,331884.893163883,4665454.99172384,19,T,0.893163883301895,0.991723839193583,612
