Time,header.seq,header.stamp.secs,header.stamp.nsecs,header.frame_id,latitude,longitude,altitude,utm_easting,utm_northing,zone,letter
1580683193.963505,5,1580683193,962775945,gps,42.12318,71.03382140000001,10.199999809265137,331885.38120757753,4665454.64679509,19,T
1580683194.9871163,6,1580683194,986450910,gps,42.12318,71.03382140000001,10.199999809265137,331885.38120757753,4665454.64679509,19,T
1580683195.9631562,7,1580683195,962483882,gps,42.12318,71.03382140000001,10.199999809265137,331885.38120757753,4665454.64679509,19,T
1580683196.9644578,8,1580683196,963778018,gps,42.12318,71.03382140000001,10.199999809265137,331885.38120757753,4665454.64679509,19,T
1580683197.9887943,9,1580683197,988142967,gps,42.12318,71.03382140000001,10.199999809265137,331885.38120757753,4665454.64679509,19,T
1580683198.9650528,10,1580683198,964457988,gps,42.12318,71.03382140000001,10.199999809265137,331885.38120757753,4665454.64679509,19,T
1580683199.966037,11,1580683199,965265989,gps,42.12318,71.03382140000001,10.199999809265137,331885.38120757753,4665454.64679509,19,T
1580683200.9687057,12,1580683200,967978954,gps,42.12318,71.03382140000001,10.199999809265137,331885.38120757753,4665454.64679509,19,T
1580683201.9680598,13,1580683201,967439889,gps,42.12318,71.03382140000001,10.199999809265137,331885.38120757753,4665454.64679509,19,T
1580683202.9684708,14,1580683202,967730045,gps,42.12318,71.03382140000001,10.199999809265137,331885.38120757753,4665454.64679509,19,T
1580683203.9947898,15,1580683203,994085073,gps,42.12318,71.03382140000001,10.199999809265137,331885.38120757753,4665454.64679509,19,T
1580683204.969189,16,1580683204,968506097,gps,42.12318,71.03382140000001,10.199999809265137,331885.38120757753,4665454.64679509,19,T
1580683205.9770486,17,1580683205,976295948,gps,42.12318,71.03382140000001,10.199999809265137,331885.38120757753,4665454.64679509,19,T
1580683206.963662,18,1580683206,962821006,gps,42.12318,71.03382140000001,10.199999809265137,331885.38120757753,4665454.64679509,19,T
1580683207.969089,19,1580683207,968322038,gps,42.12318,71.03382140000001,10.199999809265137,331885.38120757753,4665454.64679509,19,T
1580683208.9692566,20,1580683208,968417882,gps,42.12318,71.03382140000001,10.199999809265137,331885.38120757753,4665454.64679509,19,T
1580683209.9691231,21,1580683209,968506097,gps,42.12318,71.03382140000001,10.199999809265137,331885.38120757753,4665454.64679509,19,T
1580683210.9690387,22,1580683210,968305110,gps,42.12318,71.03382140000001,10.199999809265137,331885.38120757753,4665454.64679509,19,T
1580683211.9620411,23,1580683211,961347103,gps,42.12318,71.03382140000001,10.199999809265137,331885.38120757753,4665454.64679509,19,T
1580683212.963968,24,1580683212,963375091,gps,42.12318,71.03382140000001,10.199999809265137,331885.38120757753,4665454.64679509,19,T
1580683213.9643502,25,1580683213,963725090,gps,42.12318,71.03382140000001,10.199999809265137,331885.38120757753,4665454.64679509,19,T
1580683214.9691508,26,1580683214,968456029,gps,42.12318,71.03382140000001,10.199999809265137,331885.38120757753,4665454.64679509,19,T
1580683215.9728017,27,1580683215,972130060,gps,42.12318,71.03382140000001,10.300000190734863,331885.38120757753,4665454.64679509,19,T
1580683216.969228,28,1580683216,968543052,gps,42.12318,71.03382140000001,10.300000190734863,331885.38120757753,4665454.64679509,19,T
1580683217.9688861,29,1580683217,967999935,gps,42.12318,71.03382140000001,10.300000190734863,331885.38120757753,4665454.64679509,19,T
1580683218.9628358,30,1580683218,962219953,gps,42.12318,71.03382140000001,10.300000190734863,331885.38120757753,4665454.64679509,19,T
1580683219.9623168,31,1580683219,961625099,gps,42.12318,71.03382140000001,10.300000190734863,331885.38120757753,4665454.64679509,19,T
1580683220.9705105,32,1580683220,969750881,gps,42.12318,71.03382140000001,10.300000190734863,331885.38120757753,4665454.64679509,19,T
1580683221.970578,33,1580683221,969868898,gps,42.12318,71.03382140000001,10.300000190734863,331885.38120757753,4665454.64679509,19,T
1580683222.9661229,34,1580683222,965435028,gps,42.12318,71.03382140000001,10.300000190734863,331885.38120757753,4665454.64679509,19,T
1580683223.970565,35,1580683223,969821929,gps,42.12318,71.03382140000001,10.300000190734863,331885.38120757753,4665454.64679509,19,T
1580683224.966127,36,1580683224,965454101,gps,42.12318,71.03382140000001,10.300000190734863,331885.38120757753,4665454.64679509,19,T
1580683225.9648514,37,1580683225,964232921,gps,42.12318,71.03382140000001,10.300000190734863,331885.38120757753,4665454.64679509,19,T
1580683226.9731646,38,1580683226,972574949,gps,42.12318,71.03382140000001,10.300000190734863,331885.38120757753,4665454.64679509,19,T
1580683227.9727137,39,1580683227,972084999,gps,42.12318,71.03382140000001,10.300000190734863,331885.38120757753,4665454.64679509,19,T
1580683228.965323,40,1580683228,964663028,gps,42.12318,71.03382140000001,10.300000190734863,331885.38120757753,4665454.64679509,19,T
1580683229.9691591,41,1580683229,968477964,gps,42.12318,71.03382140000001,10.300000190734863,331885.38120757753,4665454.64679509,19,T
1580683230.966,42,1580683230,965348958,gps,42.12318,71.03382140000001,10.300000190734863,331885.38120757753,4665454.64679509,19,T
1580683231.9694822,43,1580683231,968799114,gps,42.12318,71.03382140000001,10.300000190734863,331885.38120757753,4665454.64679509,19,T
1580683232.9953964,44,1580683232,994631052,gps,42.12318,71.03382140000001,10.300000190734863,331885.38120757753,4665454.64679509,19,T
1580683233.969161,45,1580683233,968458890,gps,42.1231806,71.03382140000001,10.300000190734863,331885.3827944563,4665454.713418118,19,T
1580683234.9697833,46,1580683234,969144105,gps,42.1231806,71.03382140000001,10.300000190734863,331885.3827944563,4665454.713418118,19,T
1580683235.9693916,47,1580683235,968841075,gps,42.1231806,71.03382140000001,10.300000190734863,331885.3827944563,4665454.713418118,19,T
1580683236.9776335,48,1580683236,977005004,gps,42.1231806,71.03382140000001,10.300000190734863,331885.3827944563,4665454.713418118,19,T
1580683237.9922652,49,1580683237,991657018,gps,42.1231806,71.03382140000001,10.300000190734863,331885.3827944563,4665454.713418118,19,T
1580683238.9699721,50,1580683238,969194889,gps,42.1231806,71.03382140000001,10.300000190734863,331885.3827944563,4665454.713418118,19,T
1580683239.9706736,51,1580683239,969996929,gps,42.1231806,71.03382140000001,10.300000190734863,331885.3827944563,4665454.713418118,19,T
1580683240.9946282,52,1580683240,993940114,gps,42.1231806,71.03382140000001,10.300000190734863,331885.3827944563,4665454.713418118,19,T
1580683241.9691777,53,1580683241,968432903,gps,42.1231806,71.03382140000001,10.300000190734863,331885.3827944563,4665454.713418118,19,T
1580683242.9701715,54,1580683242,969552993,gps,42.1231806,71.03382140000001,10.300000190734863,331885.3827944563,4665454.713418118,19,T
1580683243.9645793,55,1580683243,963834047,gps,42.1231806,71.03382140000001,10.399999618530273,331885.3827944563,4665454.713418118,19,T
1580683244.9692574,56,1580683244,968638896,gps,42.1231806,71.03382140000001,10.399999618530273,331885.3827944563,4665454.713418118,19,T
1580683245.990418,57,1580683245,989672899,gps,42.1231806,71.03382140000001,10.399999618530273,331885.3827944563,4665454.713418118,19,T
1580683246.973557,58,1580683246,973006963,gps,42.1231806,71.03382140000001,10.399999618530273,331885.3827944563,4665454.713418118,19,T
1580683247.9703434,59,1580683247,969729900,gps,42.1231806,71.03382140000001,10.399999618530273,331885.3827944563,4665454.713418118,19,T
1580683248.9895196,60,1580683248,988771915,gps,42.1231806,71.03382140000001,10.399999618530273,331885.3827944563,4665454.713418118,19,T
1580683249.9695864,61,1580683249,968938112,gps,42.1231806,71.03382140000001,10.399999618530273,331885.3827944563,4665454.713418118,19,T
1580683250.9692452,62,1580683250,968494892,gps,42.1231806,71.03382140000001,10.399999618530273,331885.3827944563,4665454.713418118,19,T
1580683251.9698234,63,1580683251,969027042,gps,42.1231806,71.03382140000001,10.399999618530273,331885.3827944563,4665454.713418118,19,T
1580683252.9702523,64,1580683252,969454050,gps,42.1231806,71.03382140000001,10.399999618530273,331885.3827944563,4665454.713418118,19,T
1580683253.986829,65,1580683253,986053943,gps,42.1231806,71.03382140000001,10.399999618530273,331885.3827944563,4665454.713418118,19,T
1580683254.9745214,66,1580683254,973762989,gps,42.1231806,71.03382140000001,10.399999618530273,331885.3827944563,4665454.713418118,19,T
1580683255.960531,67,1580683255,959726095,gps,42.1231806,71.03382140000001,10.399999618530273,331885.3827944563,4665454.713418118,19,T
1580683256.9675102,68,1580683256,966924905,gps,42.1231806,71.03382140000001,10.399999618530273,331885.3827944563,4665454.713418118,19,T
1580683257.9643943,69,1580683257,963603019,gps,42.1231806,71.03382140000001,10.399999618530273,331885.3827944563,4665454.713418118,19,T
1580683258.9695287,70,1580683258,968894958,gps,42.1231806,71.03382140000001,10.399999618530273,331885.3827944563,4665454.713418118,19,T
1580683259.9629881,71,1580683259,962196111,gps,42.1231806,71.03382140000001,10.399999618530273,331885.3827944563,4665454.713418118,19,T
1580683260.9664884,72,1580683260,965892076,gps,42.1231806,71.03382140000001,10.399999618530273,331885.3827944563,4665454.713418118,19,T
1580683261.9591537,73,1580683261,958435058,gps,42.1231806,71.03382140000001,10.399999618530273,331885.3827944563,4665454.713418118,19,T
1580683262.966258,74,1580683262,965619087,gps,42.1231806,71.03382140000001,10.399999618530273,331885.3827944563,4665454.713418118,19,T
1580683263.9698126,75,1580683263,969144105,gps,42.1231806,71.03382140000001,10.399999618530273,331885.3827944563,4665454.713418118,19,T
1580683264.9739215,76,1580683264,973119020,gps,42.1231806,71.03382140000001,10.399999618530273,331885.3827944563,4665454.713418118,19,T
1580683265.9682314,77,1580683265,967489957,gps,42.1231806,71.03382140000001,10.399999618530273,331885.3827944563,4665454.713418118,19,T
1580683266.961672,78,1580683266,960990905,gps,42.1231806,71.03382140000001,10.399999618530273,331885.3827944563,4665454.713418118,19,T
1580683267.9597342,79,1580683267,959031105,gps,42.1231806,71.03382140000001,10.399999618530273,331885.3827944563,4665454.713418118,19,T
1580683268.9673672,80,1580683268,966631889,gps,42.1231806,71.03382140000001,10.399999618530273,331885.3827944563,4665454.713418118,19,T
1580683269.9649322,81,1580683269,964283943,gps,42.1231806,71.03382140000001,10.399999618530273,331885.3827944563,4665454.713418118,19,T
1580683270.9640524,82,1580683270,963488101,gps,42.1231806,71.03382140000001,10.399999618530273,331885.3827944563,4665454.713418118,19,T
1580683271.9651282,83,1580683271,964565992,gps,42.1231806,71.03382140000001,10.399999618530273,331885.3827944563,4665454.713418118,19,T
1580683272.9656703,84,1580683272,965048074,gps,42.1231806,71.03382140000001,10.399999618530273,331885.3827944563,4665454.713418118,19,T
1580683273.9696593,85,1580683273,969048023,gps,42.1231806,71.03382140000001,10.399999618530273,331885.3827944563,4665454.713418118,19,T
1580683274.9648805,86,1580683274,964251041,gps,42.1231806,71.03382140000001,10.399999618530273,331885.3827944563,4665454.713418118,19,T
1580683275.9622083,87,1580683275,961569070,gps,42.1231806,71.03382140000001,10.399999618530273,331885.3827944563,4665454.713418118,19,T
1580683276.9622977,88,1580683276,961673021,gps,42.1231806,71.03382140000001,10.300000190734863,331885.3827944563,4665454.713418118,19,T
1580683277.957281,89,1580683277,956604957,gps,42.1231806,71.03382140000001,10.300000190734863,331885.3827944563,4665454.713418118,19,T
1580683278.967406,90,1580683278,966801881,gps,42.1231806,71.03382140000001,10.300000190734863,331885.3827944563,4665454.713418118,19,T
1580683279.9656482,91,1580683279,964755058,gps,42.1231806,71.03382140000001,10.300000190734863,331885.3827944563,4665454.713418118,19,T
1580683280.9631913,92,1580683280,962435007,gps,42.1231806,71.03382140000001,10.300000190734863,331885.3827944563,4665454.713418118,19,T
1580683281.9735126,93,1580683281,972866058,gps,42.1231806,71.03382140000001,10.300000190734863,331885.3827944563,4665454.713418118,19,T
1580683282.9652722,94,1580683282,964565992,gps,42.1231806,71.03382140000001,10.300000190734863,331885.3827944563,4665454.713418118,19,T
1580683283.98355,95,1580683283,982794046,gps,42.1231806,71.03382140000001,10.300000190734863,331885.3827944563,4665454.713418118,19,T
1580683284.9612846,96,1580683284,960664987,gps,42.1231806,71.03382140000001,10.300000190734863,331885.3827944563,4665454.713418118,19,T
1580683285.9625475,97,1580683285,961971998,gps,42.1231806,71.03382140000001,10.300000190734863,331885.3827944563,4665454.713418118,19,T
1580683286.9653776,98,1580683286,964730978,gps,42.1231806,71.03382140000001,10.300000190734863,331885.3827944563,4665454.713418118,19,T
1580683287.9892223,99,1580683287,988374948,gps,42.1231806,71.03382140000001,10.300000190734863,331885.3827944563,4665454.713418118,19,T
1580683288.967614,100,1580683288,966895103,gps,42.1231806,71.03382140000001,10.300000190734863,331885.3827944563,4665454.713418118,19,T
1580683289.969809,101,1580683289,969286918,gps,42.1231806,71.03382140000001,10.300000190734863,331885.3827944563,4665454.713418118,19,T
1580683290.992557,102,1580683290,991895914,gps,42.1231806,71.03382140000001,10.300000190734863,331885.3827944563,4665454.713418118,19,T
1580683291.9639223,103,1580683291,963155984,gps,42.1231806,71.03382140000001,10.300000190734863,331885.3827944563,4665454.713418118,19,T
1580683292.9692085,104,1580683292,968517065,gps,42.1231806,71.033822,10.300000190734863,331885.3331966455,4665454.714599476,19,T
1580683293.968873,105,1580683293,968241930,gps,42.1231806,71.033822,10.300000190734863,331885.3331966455,4665454.714599476,19,T
1580683294.9687932,106,1580683294,968209028,gps,42.1231806,71.033822,10.300000190734863,331885.3331966455,4665454.714599476,19,T
1580683295.9695067,107,1580683295,968903064,gps,42.1231806,71.033822,10.300000190734863,331885.3331966455,4665454.714599476,19,T
1580683296.988899,108,1580683296,988200902,gps,42.1231806,71.033822,10.300000190734863,331885.3331966455,4665454.714599476,19,T
1580683297.9612887,109,1580683297,960643053,gps,42.1231806,71.033822,10.300000190734863,331885.3331966455,4665454.714599476,19,T
1580683298.9705355,110,1580683298,969865083,gps,42.1231806,71.033822,10.300000190734863,331885.3331966455,4665454.714599476,19,T
1580683299.9943078,111,1580683299,993541955,gps,42.1231806,71.033822,10.300000190734863,331885.3331966455,4665454.714599476,19,T
1580683300.9687376,112,1580683300,968084096,gps,42.1231806,71.033822,10.300000190734863,331885.3331966455,4665454.714599476,19,T
1580683301.9615924,113,1580683301,960942029,gps,42.1231806,71.033822,10.300000190734863,331885.3331966455,4665454.714599476,19,T
1580683302.9732268,114,1580683302,972393035,gps,42.1231806,71.033822,10.300000190734863,331885.3331966455,4665454.714599476,19,T
1580683303.9962232,115,1580683303,995336055,gps,42.1231806,71.033822,10.300000190734863,331885.3331966455,4665454.714599476,19,T
1580683304.9695446,116,1580683304,968897104,gps,42.1231806,71.033822,10.300000190734863,331885.3331966455,4665454.714599476,19,T
1580683305.9690237,117,1580683305,968374013,gps,42.1231806,71.033822,10.300000190734863,331885.3331966455,4665454.714599476,19,T
1580683306.96817,118,1580683306,967298984,gps,42.1231806,71.033822,10.300000190734863,331885.3331966455,4665454.714599476,19,T
1580683307.9628441,119,1580683307,962152957,gps,42.1231806,71.033822,10.300000190734863,331885.3331966455,4665454.714599476,19,T
1580683308.9699252,120,1580683308,969166040,gps,42.1231806,71.033822,10.399999618530273,331885.3331966455,4665454.714599476,19,T
1580683309.9617245,121,1580683309,961179971,gps,42.1231806,71.033822,10.399999618530273,331885.3331966455,4665454.714599476,19,T
1580683310.967325,122,1580683310,966576099,gps,42.1231806,71.033822,10.399999618530273,331885.3331966455,4665454.714599476,19,T
1580683311.967952,123,1580683311,967341899,gps,42.1231806,71.033822,10.399999618530273,331885.3331966455,4665454.714599476,19,T
1580683312.9682698,124,1580683312,967448949,gps,42.1231806,71.033822,10.399999618530273,331885.3331966455,4665454.714599476,19,T
1580683313.9682827,125,1580683313,967503070,gps,42.1231806,71.033822,10.399999618530273,331885.3331966455,4665454.714599476,19,T
1580683314.9631064,126,1580683314,962479114,gps,42.1231806,71.033822,10.399999618530273,331885.3331966455,4665454.714599476,19,T
1580683315.9643204,127,1580683315,963593006,gps,42.1231806,71.033822,10.399999618530273,331885.3331966455,4665454.714599476,19,T
1580683316.9701507,128,1580683316,969404935,gps,42.1231806,71.033822,10.399999618530273,331885.3331966455,4665454.714599476,19,T
1580683317.9691274,129,1580683317,968354940,gps,42.1231806,71.033822,10.399999618530273,331885.3331966455,4665454.714599476,19,T
1580683318.9683533,130,1580683318,967715978,gps,42.123181200000005,71.0338226,10.300000190734863,331885.28518571553,4665454.782403865,19,T
1580683319.970207,131,1580683319,969444990,gps,42.1231818,71.0338226,10.300000190734863,331885.28677259525,4665454.849026893,19,T
1580683320.9636924,132,1580683320,962994098,gps,42.1231818,71.0338226,10.300000190734863,331885.28677259525,4665454.849026893,19,T
1580683321.9653738,133,1580683321,964646100,gps,42.1231818,71.0338226,10.300000190734863,331885.28677259525,4665454.849026893,19,T
1580683322.9668214,134,1580683322,966074943,gps,42.1231818,71.0338226,10.300000190734863,331885.28677259525,4665454.849026893,19,T
1580683323.9700863,135,1580683323,969340085,gps,42.1231818,71.0338232,10.300000190734863,331885.2371747843,4665454.850208253,19,T
1580683324.9682236,136,1580683324,967353105,gps,42.1231818,71.0338232,10.300000190734863,331885.2371747843,4665454.850208253,19,T
1580683325.9582748,137,1580683325,957647085,gps,42.1231818,71.0338232,10.300000190734863,331885.2371747843,4665454.850208253,19,T
1580683326.9673162,138,1580683326,966613054,gps,42.1231818,71.0338232,10.300000190734863,331885.2371747843,4665454.850208253,19,T
1580683327.9672859,139,1580683327,966476917,gps,42.1231818,71.0338232,10.300000190734863,331885.2371747843,4665454.850208253,19,T
1580683328.9662018,140,1580683328,965430974,gps,42.1231818,71.0338232,10.300000190734863,331885.2371747843,4665454.850208253,19,T
1580683329.9661462,141,1580683329,965442895,gps,42.1231818,71.0338232,10.300000190734863,331885.2371747843,4665454.850208253,19,T
1580683330.9652877,142,1580683330,964627027,gps,42.1231818,71.0338232,10.300000190734863,331885.2371747843,4665454.850208253,19,T
1580683331.9691746,143,1580683331,968528032,gps,42.1231818,71.0338232,10.300000190734863,331885.2371747843,4665454.850208253,19,T
1580683332.9694118,144,1580683332,968898057,gps,42.1231818,71.0338232,10.300000190734863,331885.2371747843,4665454.850208253,19,T
1580683333.990618,145,1580683333,989943027,gps,42.1231818,71.0338232,10.300000190734863,331885.2371747843,4665454.850208253,19,T
1580683334.9665227,146,1580683334,965852975,gps,42.1231818,71.0338232,10.300000190734863,331885.2371747843,4665454.850208253,19,T
1580683335.9665754,147,1580683335,965954065,gps,42.1231818,71.0338232,10.300000190734863,331885.2371747843,4665454.850208253,19,T
1580683336.9683275,148,1580683336,967596054,gps,42.1231818,71.0338232,10.300000190734863,331885.2371747843,4665454.850208253,19,T
1580683337.9686997,149,1580683337,967986106,gps,42.1231818,71.0338232,10.300000190734863,331885.2371747843,4665454.850208253,19,T
1580683338.9932613,150,1580683338,992619991,gps,42.1231818,71.0338232,10.300000190734863,331885.2371747843,4665454.850208253,19,T
1580683339.9678319,151,1580683339,967179059,gps,42.1231818,71.0338232,10.300000190734863,331885.2371747843,4665454.850208253,19,T
1580683340.9927874,152,1580683340,992228031,gps,42.1231818,71.0338232,10.300000190734863,331885.2371747843,4665454.850208253,19,T
1580683341.968191,153,1580683341,967396974,gps,42.1231818,71.0338232,10.300000190734863,331885.2371747843,4665454.850208253,19,T
1580683342.9681127,154,1580683342,967431068,gps,42.1231818,71.0338232,10.300000190734863,331885.2371747843,4665454.850208253,19,T
1580683343.9685466,155,1580683343,967947006,gps,42.1231818,71.0338232,10.300000190734863,331885.2371747843,4665454.850208253,19,T
1580683344.963533,156,1580683344,962858915,gps,42.1231818,71.0338232,10.300000190734863,331885.2371747843,4665454.850208253,19,T
1580683345.9614677,157,1580683345,960803031,gps,42.1231818,71.0338232,10.300000190734863,331885.2371747843,4665454.850208253,19,T
1580683346.996524,158,1580683346,995682001,gps,42.1231818,71.0338232,10.300000190734863,331885.2371747843,4665454.850208253,19,T
1580683347.9726238,159,1580683347,971985101,gps,42.1231818,71.0338232,10.300000190734863,331885.2371747843,4665454.850208253,19,T
1580683348.9706242,160,1580683348,969959020,gps,42.1231818,71.0338232,10.300000190734863,331885.2371747843,4665454.850208253,19,T
1580683349.9941425,161,1580683349,993477106,gps,42.1231818,71.0338232,10.300000190734863,331885.2371747843,4665454.850208253,19,T
1580683350.9646819,162,1580683350,963936090,gps,42.1231818,71.0338232,10.300000190734863,331885.2371747843,4665454.850208253,19,T
1580683351.9705806,163,1580683351,969990968,gps,42.1231818,71.0338232,10.300000190734863,331885.2371747843,4665454.850208253,19,T
1580683352.9728744,164,1580683352,972215890,gps,42.1231818,71.0338232,10.300000190734863,331885.2371747843,4665454.850208253,19,T
1580683353.9951668,165,1580683353,994530916,gps,42.1231818,71.0338232,10.300000190734863,331885.2371747843,4665454.850208253,19,T
1580683354.9702027,166,1580683354,969569921,gps,42.1231818,71.0338232,10.300000190734863,331885.2371747843,4665454.850208253,19,T
1580683355.9639645,167,1580683355,963375091,gps,42.1231818,71.0338232,10.300000190734863,331885.2371747843,4665454.850208253,19,T
1580683356.9739652,168,1580683356,973181009,gps,42.1231818,71.0338232,10.300000190734863,331885.2371747843,4665454.850208253,19,T
1580683357.9697344,169,1580683357,968991994,gps,42.1231818,71.0338232,10.300000190734863,331885.2371747843,4665454.850208253,19,T
1580683358.9700787,170,1580683358,969464063,gps,42.1231818,71.0338232,10.300000190734863,331885.2371747843,4665454.850208253,19,T
1580683359.9731066,171,1580683359,972419023,gps,42.1231818,71.0338232,10.300000190734863,331885.2371747843,4665454.850208253,19,T
1580683360.9730358,172,1580683360,972312927,gps,42.1231818,71.0338232,10.300000190734863,331885.2371747843,4665454.850208253,19,T
1580683361.9744263,173,1580683361,973782062,gps,42.1231818,71.0338232,10.300000190734863,331885.2371747843,4665454.850208253,19,T
1580683362.9638178,174,1580683362,963053941,gps,42.1231818,71.0338232,10.300000190734863,331885.2371747843,4665454.850208253,19,T
1580683363.9635587,175,1580683363,962896108,gps,42.1231818,71.0338232,10.300000190734863,331885.2371747843,4665454.850208253,19,T
1580683364.9728353,176,1580683364,972228050,gps,42.1231818,71.0338232,10.300000190734863,331885.2371747843,4665454.850208253,19,T
1580683365.9693635,177,1580683365,968772888,gps,42.1231818,71.0338232,10.300000190734863,331885.2371747843,4665454.850208253,19,T
1580683366.9698808,178,1580683366,969274997,gps,42.1231818,71.0338232,10.300000190734863,331885.2371747843,4665454.850208253,19,T
1580683367.9737372,179,1580683367,973109006,gps,42.1231818,71.0338232,10.300000190734863,331885.2371747843,4665454.850208253,19,T
1580683368.9736254,180,1580683368,973025083,gps,42.1231818,71.0338232,10.300000190734863,331885.2371747843,4665454.850208253,19,T
1580683369.9624207,181,1580683369,961775064,gps,42.1231818,71.0338232,10.300000190734863,331885.2371747843,4665454.850208253,19,T
1580683370.9688454,182,1580683370,968213081,gps,42.1231818,71.0338232,10.300000190734863,331885.2371747843,4665454.850208253,19,T
1580683371.970392,183,1580683371,969743967,gps,42.1231818,71.0338232,10.300000190734863,331885.2371747843,4665454.850208253,19,T
1580683372.9696593,184,1580683372,969000101,gps,42.1231818,71.0338232,10.300000190734863,331885.2371747843,4665454.850208253,19,T
1580683373.9648283,185,1580683373,964194059,gps,42.1231818,71.0338232,10.300000190734863,331885.2371747843,4665454.850208253,19,T
1580683374.9704826,186,1580683374,969768047,gps,42.1231818,71.0338232,10.300000190734863,331885.2371747843,4665454.850208253,19,T
1580683375.96959,187,1580683375,969002008,gps,42.1231818,71.0338232,10.300000190734863,331885.2371747843,4665454.850208253,19,T
1580683376.9697633,188,1580683376,969166040,gps,42.1231818,71.0338232,10.300000190734863,331885.2371747843,4665454.850208253,19,T
1580683377.9693131,189,1580683377,968708038,gps,42.1231818,71.0338232,10.300000190734863,331885.2371747843,4665454.850208253,19,T
1580683378.9696794,190,1580683378,969093084,gps,42.1231818,71.0338232,10.300000190734863,331885.2371747843,4665454.850208253,19,T
1580683379.9633052,191,1580683379,962639093,gps,42.1231818,71.0338232,10.300000190734863,331885.2371747843,4665454.850208253,19,T
1580683380.9646618,192,1580683380,964122056,gps,42.1231818,71.0338232,10.300000190734863,331885.2371747843,4665454.850208253,19,T
1580683381.96784,193,1580683381,967159032,gps,42.1231818,71.0338232,10.300000190734863,331885.2371747843,4665454.850208253,19,T
1580683382.9683647,194,1580683382,967684030,gps,42.1231818,71.0338232,10.300000190734863,331885.2371747843,4665454.850208253,19,T
1580683383.9701784,195,1580683383,969556093,gps,42.1231818,71.0338232,10.300000190734863,331885.2371747843,4665454.850208253,19,T
1580683384.9943855,196,1580683384,993736028,gps,42.1231818,71.0338232,10.300000190734863,331885.2371747843,4665454.850208253,19,T
1580683385.9681177,197,1580683385,967514991,gps,42.1231818,71.0338232,10.300000190734863,331885.2371747843,4665454.850208253,19,T
1580683386.968844,198,1580683386,968183994,gps,42.1231818,71.0338232,10.300000190734863,331885.2371747843,4665454.850208253,19,T
1580683387.9617078,199,1580683387,961046934,gps,42.1231818,71.03382380000001,10.300000190734863,331885.1875769744,4665454.851389613,19,T
1580683388.9964502,200,1580683388,995637893,gps,42.1231818,71.03382380000001,10.300000190734863,331885.1875769744,4665454.851389613,19,T
1580683389.968228,201,1580683389,967504024,gps,42.1231818,71.03382380000001,10.300000190734863,331885.1875769744,4665454.851389613,19,T
1580683390.967668,202,1580683390,966980934,gps,42.1231818,71.03382380000001,10.300000190734863,331885.1875769744,4665454.851389613,19,T
1580683391.993216,203,1580683391,992563962,gps,42.1231818,71.03382380000001,10.300000190734863,331885.1875769744,4665454.851389613,19,T
1580683392.9686267,204,1580683392,967919111,gps,42.1231818,71.03382380000001,10.300000190734863,331885.1875769744,4665454.851389613,19,T
1580683393.9679973,205,1580683393,967273950,gps,42.1231818,71.03382380000001,10.300000190734863,331885.1875769744,4665454.851389613,19,T
1580683394.9685614,206,1580683394,967947006,gps,42.1231818,71.03382380000001,10.300000190734863,331885.1875769744,4665454.851389613,19,T
1580683395.969732,207,1580683395,969007015,gps,42.1231818,71.03382380000001,10.300000190734863,331885.1875769744,4665454.851389613,19,T
1580683396.96895,208,1580683396,968307971,gps,42.1231818,71.03382380000001,10.300000190734863,331885.1875769744,4665454.851389613,19,T
1580683397.99799,209,1580683397,997402906,gps,42.1231818,71.03382380000001,10.300000190734863,331885.1875769744,4665454.851389613,19,T
1580683398.9629743,210,1580683398,962215900,gps,42.1231818,71.03382380000001,10.300000190734863,331885.1875769744,4665454.851389613,19,T
1580683399.9732153,211,1580683399,972604036,gps,42.1231818,71.03382380000001,10.300000190734863,331885.1875769744,4665454.851389613,19,T
1580683400.9692118,212,1580683400,968502998,gps,42.1231818,71.03382380000001,10.300000190734863,331885.1875769744,4665454.851389613,19,T
1580683401.9693024,213,1580683401,968585968,gps,42.1231818,71.03382380000001,10.300000190734863,331885.1875769744,4665454.851389613,19,T
1580683402.9937615,214,1580683402,993125915,gps,42.1231818,71.03382380000001,10.300000190734863,331885.1875769744,4665454.851389613,19,T
1580683403.9626448,215,1580683403,961940050,gps,42.1231818,71.03382380000001,10.300000190734863,331885.1875769744,4665454.851389613,19,T
1580683404.9937494,216,1580683404,993120908,gps,42.1231818,71.03382380000001,10.300000190734863,331885.1875769744,4665454.851389613,19,T
1580683405.9679632,217,1580683405,967194080,gps,42.1231818,71.03382380000001,10.300000190734863,331885.1875769744,4665454.851389613,19,T
1580683406.9688852,218,1580683406,968120098,gps,42.1231818,71.03382380000001,10.300000190734863,331885.1875769744,4665454.851389613,19,T
1580683407.9698555,219,1580683407,969221115,gps,42.1231818,71.03382380000001,10.300000190734863,331885.1875769744,4665454.851389613,19,T
1580683408.9687593,220,1580683408,968132972,gps,42.1231818,71.03382380000001,10.300000190734863,331885.1875769744,4665454.851389613,19,T
1580683409.9678042,221,1580683409,967063903,gps,42.1231818,71.03382380000001,10.300000190734863,331885.1875769744,4665454.851389613,19,T
1580683410.9694507,222,1580683410,968578100,gps,42.1231818,71.03382380000001,10.300000190734863,331885.1875769744,4665454.851389613,19,T
1580683411.9598982,223,1580683411,959135055,gps,42.1231818,71.03382380000001,10.300000190734863,331885.1875769744,4665454.851389613,19,T
1580683412.9664054,224,1580683412,965742111,gps,42.1231818,71.03382380000001,10.300000190734863,331885.1875769744,4665454.851389613,19,T
1580683413.9678223,225,1580683413,967119932,gps,42.1231818,71.03382380000001,10.300000190734863,331885.1875769744,4665454.851389613,19,T
1580683414.9675903,226,1580683414,966964006,gps,42.1231818,71.03382380000001,10.300000190734863,331885.1875769744,4665454.851389613,19,T
1580683415.9687216,227,1580683415,968122959,gps,42.1231818,71.03382380000001,10.300000190734863,331885.1875769744,4665454.851389613,19,T
1580683416.9692469,228,1580683416,968581914,gps,42.1231818,71.03382380000001,10.300000190734863,331885.1875769744,4665454.851389613,19,T
1580683417.9676147,229,1580683417,967020988,gps,42.1231818,71.03382380000001,10.300000190734863,331885.1875769744,4665454.851389613,19,T
1580683418.968798,230,1580683418,968153953,gps,42.1231818,71.03382380000001,10.300000190734863,331885.1875769744,4665454.851389613,19,T
1580683419.969895,231,1580683419,969258069,gps,42.1231818,71.03382380000001,10.300000190734863,331885.1875769744,4665454.851389613,19,T
1580683420.9689264,232,1580683420,968269109,gps,42.1231818,71.03382380000001,10.300000190734863,331885.1875769744,4665454.851389613,19,T
1580683421.9650083,233,1580683421,964391946,gps,42.1231818,71.03382380000001,10.300000190734863,331885.1875769744,4665454.851389613,19,T
1580683422.9701068,234,1580683422,969460964,gps,42.1231818,71.03382380000001,10.300000190734863,331885.1875769744,4665454.851389613,19,T
1580683423.9700866,235,1580683423,969484090,gps,42.1231818,71.03382380000001,10.300000190734863,331885.1875769744,4665454.851389613,19,T
1580683424.9695337,236,1580683424,968978881,gps,42.1231818,71.03382380000001,10.300000190734863,331885.1875769744,4665454.851389613,19,T
1580683425.9668021,237,1580683425,966128110,gps,42.1231818,71.03382380000001,10.300000190734863,331885.1875769744,4665454.851389613,19,T
1580683426.9688692,238,1580683426,968211889,gps,42.1231818,71.03382380000001,10.300000190734863,331885.1875769744,4665454.851389613,19,T
1580683427.962825,239,1580683427,962104082,gps,42.1231818,71.03382380000001,10.300000190734863,331885.1875769744,4665454.851389613,19,T
1580683428.9701014,240,1580683428,969500064,gps,42.1231818,71.03382380000001,10.300000190734863,331885.1875769744,4665454.851389613,19,T
1580683429.9699612,241,1580683429,969284057,gps,42.1231818,71.03382380000001,10.300000190734863,331885.1875769744,4665454.851389613,19,T
1580683430.9689999,242,1580683430,968322992,gps,42.1231818,71.03382380000001,10.300000190734863,331885.1875769744,4665454.851389613,19,T
1580683431.96937,243,1580683431,968718051,gps,42.1231818,71.03382380000001,10.300000190734863,331885.1875769744,4665454.851389613,19,T
1580683432.9690304,244,1580683432,968360900,gps,42.1231818,71.03382380000001,10.300000190734863,331885.1875769744,4665454.851389613,19,T
1580683433.9685676,245,1580683433,967711925,gps,42.1231818,71.03382380000001,10.300000190734863,331885.1875769744,4665454.851389613,19,T
1580683434.9692876,246,1580683434,968602895,gps,42.1231818,71.03382380000001,10.300000190734863,331885.1875769744,4665454.851389613,19,T
1580683435.993878,247,1580683435,993199110,gps,42.1231818,71.03382380000001,10.300000190734863,331885.1875769744,4665454.851389613,19,T
1580683436.969108,248,1580683436,968501091,gps,42.1231818,71.03382380000001,10.300000190734863,331885.1875769744,4665454.851389613,19,T
1580683437.9684927,249,1580683437,967736959,gps,42.1231818,71.03382380000001,10.300000190734863,331885.1875769744,4665454.851389613,19,T
1580683438.9684787,250,1580683438,967601060,gps,42.1231818,71.03382380000001,10.300000190734863,331885.1875769744,4665454.851389613,19,T
1580683439.9952264,251,1580683439,994467973,gps,42.1231818,71.03382380000001,10.300000190734863,331885.1875769744,4665454.851389613,19,T
1580683440.9691672,252,1580683440,968537092,gps,42.1231818,71.03382380000001,10.300000190734863,331885.1875769744,4665454.851389613,19,T
1580683441.9937224,253,1580683441,992993116,gps,42.1231818,71.03382380000001,10.300000190734863,331885.1875769744,4665454.851389613,19,T
1580683442.9760988,254,1580683442,975403070,gps,42.1231818,71.03382380000001,10.300000190734863,331885.1875769744,4665454.851389613,19,T
1580683443.967628,255,1580683443,967052936,gps,42.1231824,71.0338244,10.300000190734863,331885.1395660457,4665454.919194002,19,T
1580683444.9698913,256,1580683444,969207048,gps,42.1231824,71.0338244,10.300000190734863,331885.1395660457,4665454.919194002,19,T
1580683445.9697425,257,1580683445,969168901,gps,42.1231824,71.0338244,10.300000190734863,331885.1395660457,4665454.919194002,19,T
1580683446.9737403,258,1580683446,972976922,gps,42.1231824,71.0338244,10.300000190734863,331885.1395660457,4665454.919194002,19,T
1580683447.9696598,259,1580683447,969024896,gps,42.1231824,71.0338244,10.300000190734863,331885.1395660457,4665454.919194002,19,T
1580683448.994526,260,1580683448,993953943,gps,42.1231824,71.0338244,10.300000190734863,331885.1395660457,4665454.919194002,19,T
1580683449.9691582,261,1580683449,968435049,gps,42.1231824,71.0338244,10.300000190734863,331885.1395660457,4665454.919194002,19,T
1580683450.9688334,262,1580683450,968151092,gps,42.1231824,71.0338244,10.300000190734863,331885.1395660457,4665454.919194002,19,T
1580683451.9638622,263,1580683451,963071107,gps,42.1231824,71.0338244,10.300000190734863,331885.1395660457,4665454.919194002,19,T
1580683452.9942992,264,1580683452,993644952,gps,42.1231824,71.0338244,10.300000190734863,331885.1395660457,4665454.919194002,19,T
1580683453.9705203,265,1580683453,969856977,gps,42.1231824,71.0338244,10.300000190734863,331885.1395660457,4665454.919194002,19,T
1580683454.9946978,266,1580683454,993948936,gps,42.1231824,71.0338244,10.300000190734863,331885.1395660457,4665454.919194002,19,T
1580683455.9692595,267,1580683455,968538999,gps,42.1231824,71.0338244,10.300000190734863,331885.1395660457,4665454.919194002,19,T
1580683456.9698608,268,1580683456,969098091,gps,42.1231824,71.0338244,10.300000190734863,331885.1395660457,4665454.919194002,19,T
1580683457.9680295,269,1580683457,967336893,gps,42.1231824,71.0338244,10.300000190734863,331885.1395660457,4665454.919194002,19,T
1580683458.9696708,270,1580683458,969082117,gps,42.1231824,71.0338244,10.300000190734863,331885.1395660457,4665454.919194002,19,T
1580683459.9628391,271,1580683459,962270021,gps,42.1231824,71.0338244,10.300000190734863,331885.1395660457,4665454.919194002,19,T
1580683460.9701896,272,1580683460,969623088,gps,42.1231824,71.0338244,10.300000190734863,331885.1395660457,4665454.919194002,19,T
1580683461.96852,273,1580683461,967737913,gps,42.1231824,71.0338244,10.300000190734863,331885.1395660457,4665454.919194002,19,T
1580683462.969752,274,1580683462,969146966,gps,42.1231824,71.0338244,10.300000190734863,331885.1395660457,4665454.919194002,19,T
1580683463.9700105,275,1580683463,969336986,gps,42.1231824,71.0338244,10.300000190734863,331885.1395660457,4665454.919194002,19,T
1580683464.9791129,276,1580683464,978360891,gps,42.1231824,71.0338244,10.300000190734863,331885.1395660457,4665454.919194002,19,T
1580683465.9687874,277,1580683465,968170881,gps,42.1231824,71.0338244,10.300000190734863,331885.1395660457,4665454.919194002,19,T
1580683466.9739165,278,1580683466,973140954,gps,42.1231824,71.0338244,10.300000190734863,331885.1395660457,4665454.919194002,19,T
1580683467.9741964,279,1580683467,973511934,gps,42.1231824,71.0338244,10.300000190734863,331885.1395660457,4665454.919194002,19,T
1580683468.9742088,280,1580683468,973603010,gps,42.1231824,71.0338244,10.300000190734863,331885.1395660457,4665454.919194002,19,T
1580683469.9631562,281,1580683469,962547063,gps,42.1231824,71.0338244,10.300000190734863,331885.1395660457,4665454.919194002,19,T
1580683470.9738367,282,1580683470,973223924,gps,42.1231824,71.0338244,10.300000190734863,331885.1395660457,4665454.919194002,19,T
1580683471.9739523,283,1580683471,973398923,gps,42.1231824,71.0338244,10.300000190734863,331885.1395660457,4665454.919194002,19,T
1580683472.9738157,284,1580683472,973253011,gps,42.1231824,71.0338244,10.300000190734863,331885.1395660457,4665454.919194002,19,T
1580683473.9701943,285,1580683473,969593048,gps,42.1231824,71.0338244,10.300000190734863,331885.1395660457,4665454.919194002,19,T
1580683474.9704242,286,1580683474,969827890,gps,42.1231824,71.0338244,10.300000190734863,331885.1395660457,4665454.919194002,19,T
1580683475.9657114,287,1580683475,964951038,gps,42.1231824,71.0338244,10.300000190734863,331885.1395660457,4665454.919194002,19,T
1580683476.9763474,288,1580683476,975636959,gps,42.1231824,71.0338244,10.300000190734863,331885.1395660457,4665454.919194002,19,T
1580683477.9702134,289,1580683477,969583988,gps,42.1231824,71.0338244,10.300000190734863,331885.1395660457,4665454.919194002,19,T
1580683478.972861,290,1580683478,972151041,gps,42.1231824,71.0338244,10.300000190734863,331885.1395660457,4665454.919194002,19,T
1580683479.9736505,291,1580683479,973022937,gps,42.1231824,71.03382500000001,10.300000190734863,331885.08996823634,4665454.920375363,19,T
1580683480.9705193,292,1580683480,969780921,gps,42.1231824,71.03382500000001,10.300000190734863,331885.08996823634,4665454.920375363,19,T
1580683481.9692054,293,1580683481,968564987,gps,42.1231824,71.03382500000001,10.300000190734863,331885.08996823634,4665454.920375363,19,T
1580683482.9738104,294,1580683482,973140954,gps,42.1231824,71.03382500000001,10.300000190734863,331885.08996823634,4665454.920375363,19,T
1580683483.9676623,295,1580683483,966973066,gps,42.1231824,71.03382500000001,10.300000190734863,331885.08996823634,4665454.920375363,19,T
1580683484.9732687,296,1580683484,972662925,gps,42.1231824,71.03382500000001,10.300000190734863,331885.08996823634,4665454.920375363,19,T
1580683485.9987364,297,1580683485,998033046,gps,42.1231824,71.03382500000001,10.300000190734863,331885.08996823634,4665454.920375363,19,T
1580683486.9731815,298,1580683486,972592115,gps,42.1231824,71.03382500000001,10.300000190734863,331885.08996823634,4665454.920375363,19,T
1580683487.9694905,299,1580683487,968751907,gps,42.1231824,71.03382500000001,10.300000190734863,331885.08996823634,4665454.920375363,19,T
1580683488.9772427,300,1580683488,976485013,gps,42.1231824,71.03382500000001,10.300000190734863,331885.08996823634,4665454.920375363,19,T
1580683489.9981868,301,1580683489,997519016,gps,42.1231824,71.03382500000001,10.300000190734863,331885.08996823634,4665454.920375363,19,T
1580683490.9704978,302,1580683490,969877004,gps,42.1231824,71.03382500000001,10.300000190734863,331885.08996823634,4665454.920375363,19,T
1580683491.9979339,303,1580683491,997338056,gps,42.1231824,71.03382500000001,10.300000190734863,331885.08996823634,4665454.920375363,19,T
1580683492.9707394,304,1580683492,970029115,gps,42.1231824,71.03382500000001,10.300000190734863,331885.08996823634,4665454.920375363,19,T
1580683493.969392,305,1580683493,968702077,gps,42.1231824,71.03382500000001,10.300000190734863,331885.08996823634,4665454.920375363,19,T
1580683494.9646218,306,1580683494,963980913,gps,42.1231824,71.03382500000001,10.300000190734863,331885.08996823634,4665454.920375363,19,T
1580683495.9641144,307,1580683495,963370084,gps,42.1231824,71.03382500000001,10.300000190734863,331885.08996823634,4665454.920375363,19,T
1580683496.9705274,308,1580683496,969881057,gps,42.1231824,71.03382500000001,10.300000190734863,331885.08996823634,4665454.920375363,19,T
1580683497.968642,309,1580683497,968070983,gps,42.1231824,71.03382500000001,10.300000190734863,331885.08996823634,4665454.920375363,19,T
1580683498.9703388,310,1580683498,969633102,gps,42.1231824,71.03382500000001,10.300000190734863,331885.08996823634,4665454.920375363,19,T
1580683499.9905858,311,1580683499,990025043,gps,42.1231824,71.03382500000001,10.300000190734863,331885.08996823634,4665454.920375363,19,T
1580683500.9660146,312,1580683500,965415000,gps,42.1231824,71.03382500000001,10.300000190734863,331885.08996823634,4665454.920375363,19,T
1580683501.9602325,313,1580683501,959604978,gps,42.1231824,71.03382500000001,10.300000190734863,331885.08996823634,4665454.920375363,19,T
1580683502.968043,314,1580683502,967210054,gps,42.1231824,71.03382500000001,10.300000190734863,331885.08996823634,4665454.920375363,19,T
1580683503.9933045,315,1580683503,992614030,gps,42.1231824,71.03382500000001,10.300000190734863,331885.08996823634,4665454.920375363,19,T
1580683504.965426,316,1580683504,964819908,gps,42.1231824,71.03382500000001,10.300000190734863,331885.08996823634,4665454.920375363,19,T
1580683505.9923477,317,1580683505,992085933,gps,42.1231824,71.03382500000001,10.300000190734863,331885.08996823634,4665454.920375363,19,T
1580683506.9593356,318,1580683506,959137916,gps,42.1231824,71.03382500000001,10.300000190734863,331885.08996823634,4665454.920375363,19,T
1580683507.9598324,319,1580683507,959074974,gps,42.1231824,71.03382500000001,10.300000190734863,331885.08996823634,4665454.920375363,19,T
1580683508.9665036,320,1580683508,965869903,gps,42.1231824,71.03382500000001,10.300000190734863,331885.08996823634,4665454.920375363,19,T
1580683509.9655612,321,1580683509,965065002,gps,42.1231824,71.03382500000001,10.300000190734863,331885.08996823634,4665454.920375363,19,T
1580683510.9651656,322,1580683510,964514970,gps,42.1231824,71.03382500000001,10.300000190734863,331885.08996823634,4665454.920375363,19,T
1580683511.96642,323,1580683511,965665102,gps,42.1231824,71.03382500000001,10.300000190734863,331885.08996823634,4665454.920375363,19,T
1580683512.9674826,324,1580683512,966689109,gps,42.1231824,71.03382500000001,10.300000190734863,331885.08996823634,4665454.920375363,19,T
1580683513.9666607,325,1580683513,966061115,gps,42.1231824,71.03382500000001,10.300000190734863,331885.08996823634,4665454.920375363,19,T
1580683514.9658456,326,1580683514,965197086,gps,42.1231824,71.03382500000001,10.300000190734863,331885.08996823634,4665454.920375363,19,T
1580683515.9651906,327,1580683515,964641094,gps,42.1231824,71.03382500000001,10.300000190734863,331885.08996823634,4665454.920375363,19,T
1580683516.965525,328,1580683516,964937925,gps,42.1231824,71.03382500000001,10.300000190734863,331885.08996823634,4665454.920375363,19,T
1580683517.9596632,329,1580683517,958885908,gps,42.1231824,71.03382500000001,10.300000190734863,331885.08996823634,4665454.920375363,19,T
1580683518.9661949,330,1580683518,965363979,gps,42.1231824,71.03382500000001,10.300000190734863,331885.08996823634,4665454.920375363,19,T
1580683519.9663777,331,1580683519,965702056,gps,42.123183,71.0338256,10.100000381469727,331885.0419573091,4665454.988179753,19,T
1580683520.9659185,332,1580683520,965245962,gps,42.123183,71.0338256,10.100000381469727,331885.0419573091,4665454.988179753,19,T
1580683521.964318,333,1580683521,963644027,gps,42.123183,71.0338256,10.100000381469727,331885.0419573091,4665454.988179753,19,T
1580683522.966211,334,1580683522,965564966,gps,42.123183,71.0338256,10.100000381469727,331885.0419573091,4665454.988179753,19,T
1580683523.958794,335,1580683523,958069086,gps,42.123183,71.0338256,10.100000381469727,331885.0419573091,4665454.988179753,19,T
1580683524.981919,336,1580683524,981246948,gps,42.123183,71.0338256,10.100000381469727,331885.0419573091,4665454.988179753,19,T
1580683525.9650962,337,1580683525,964452981,gps,42.123183,71.0338256,10.100000381469727,331885.0419573091,4665454.988179753,19,T
1580683526.9659672,338,1580683526,965342998,gps,42.123183,71.0338256,10.100000381469727,331885.0419573091,4665454.988179753,19,T
1580683527.9662678,339,1580683527,965550899,gps,42.123183,71.0338256,10.100000381469727,331885.0419573091,4665454.988179753,19,T
1580683528.9676313,340,1580683528,967046022,gps,42.123183,71.0338256,10.100000381469727,331885.0419573091,4665454.988179753,19,T
1580683529.9664357,341,1580683529,965774059,gps,42.123183,71.0338256,10.100000381469727,331885.0419573091,4665454.988179753,19,T
1580683530.9676363,342,1580683530,967051029,gps,42.123183,71.0338256,10.100000381469727,331885.0419573091,4665454.988179753,19,T
1580683531.9598062,343,1580683531,959111928,gps,42.123183,71.0338256,10.100000381469727,331885.0419573091,4665454.988179753,19,T
1580683532.9683015,344,1580683532,967617988,gps,42.123183,71.0338256,10.100000381469727,331885.0419573091,4665454.988179753,19,T
1580683533.9694679,345,1580683533,968853950,gps,42.123183,71.0338256,10.100000381469727,331885.0419573091,4665454.988179753,19,T
1580683534.9697845,346,1580683534,969175100,gps,42.123183,71.0338256,10.100000381469727,331885.0419573091,4665454.988179753,19,T
1580683535.97385,347,1580683535,973052024,gps,42.123183,71.0338256,10.100000381469727,331885.0419573091,4665454.988179753,19,T
1580683536.992727,348,1580683536,992036104,gps,42.123183,71.0338256,10.100000381469727,331885.0419573091,4665454.988179753,19,T
1580683537.9689758,349,1580683537,968274116,gps,42.123183,71.0338256,10.199999809265137,331885.0419573091,4665454.988179753,19,T
1580683538.9699645,350,1580683538,969315052,gps,42.123183,71.0338256,10.199999809265137,331885.0419573091,4665454.988179753,19,T
1580683539.9740856,351,1580683539,973349094,gps,42.123183,71.0338256,10.100000381469727,331885.0419573091,4665454.988179753,19,T
1580683540.9991276,352,1580683540,998353004,gps,42.123183,71.0338256,10.100000381469727,331885.0419573091,4665454.988179753,19,T
1580683541.968706,353,1580683541,968027114,gps,42.123183,71.0338256,10.100000381469727,331885.0419573091,4665454.988179753,19,T
1580683542.9984608,354,1580683542,997770071,gps,42.123183,71.0338256,10.100000381469727,331885.0419573091,4665454.988179753,19,T
1580683543.9697099,355,1580683543,969053030,gps,42.123183,71.0338256,10.100000381469727,331885.0419573091,4665454.988179753,19,T
1580683544.9701874,356,1580683544,969521045,gps,42.123183,71.0338256,10.100000381469727,331885.0419573091,4665454.988179753,19,T
1580683545.9663062,357,1580683545,965660095,gps,42.123183,71.0338256,10.100000381469727,331885.0419573091,4665454.988179753,19,T
1580683546.9662704,358,1580683546,965737104,gps,42.123183,71.0338256,10.100000381469727,331885.0419573091,4665454.988179753,19,T
1580683547.9660978,359,1580683547,965370893,gps,42.123183,71.0338256,10.100000381469727,331885.0419573091,4665454.988179753,19,T
1580683548.9670799,360,1580683548,966465950,gps,42.123183,71.0338256,10.100000381469727,331885.0419573091,4665454.988179753,19,T
1580683549.9857838,361,1580683549,985058069,gps,42.123183,71.0338256,10.100000381469727,331885.0419573091,4665454.988179753,19,T
1580683550.9658103,362,1580683550,965121984,gps,42.123183,71.0338256,10.100000381469727,331885.0419573091,4665454.988179753,19,T
1580683551.9664147,363,1580683551,965717077,gps,42.123183,71.0338256,10.100000381469727,331885.0419573091,4665454.988179753,19,T
1580683552.9671965,364,1580683552,966480970,gps,42.123183,71.0338256,10.100000381469727,331885.0419573091,4665454.988179753,19,T
1580683553.9932551,365,1580683553,992618083,gps,42.123183,71.0338256,10.100000381469727,331885.0419573091,4665454.988179753,19,T
1580683554.960386,366,1580683554,959686040,gps,42.123183,71.0338256,10.100000381469727,331885.0419573091,4665454.988179753,19,T
1580683555.987023,367,1580683555,986392974,gps,42.123183,71.0338256,10.100000381469727,331885.0419573091,4665454.988179753,19,T
1580683556.9662008,368,1580683556,965611934,gps,42.123183,71.0338256,10.100000381469727,331885.0419573091,4665454.988179753,19,T
1580683557.9655826,369,1580683557,964879035,gps,42.123183,71.0338256,10.100000381469727,331885.0419573091,4665454.988179753,19,T
1580683558.9673655,370,1580683558,966631889,gps,42.123183,71.0338256,10.100000381469727,331885.0419573091,4665454.988179753,19,T
1580683559.9598393,371,1580683559,959131956,gps,42.123183,71.0338256,10.100000381469727,331885.0419573091,4665454.988179753,19,T
1580683560.967675,372,1580683560,966962099,gps,42.123183,71.0338256,10.100000381469727,331885.0419573091,4665454.988179753,19,T
1580683561.9648387,373,1580683561,964174032,gps,42.123183,71.0338256,10.100000381469727,331885.0419573091,4665454.988179753,19,T
1580683562.9658527,374,1580683562,965254068,gps,42.123183,71.0338256,10.100000381469727,331885.0419573091,4665454.988179753,19,T
1580683563.968965,375,1580683563,968281030,gps,42.123183,71.0338256,10.100000381469727,331885.0419573091,4665454.988179753,19,T
1580683564.965284,376,1580683564,964612960,gps,42.123183,71.0338256,10.100000381469727,331885.0419573091,4665454.988179753,19,T
1580683565.9576812,377,1580683565,957058906,gps,42.123183,71.0338256,10.100000381469727,331885.0419573091,4665454.988179753,19,T
1580683566.9673376,378,1580683566,966469049,gps,42.123183,71.0338256,10.100000381469727,331885.0419573091,4665454.988179753,19,T
1580683567.9650486,379,1580683567,964370965,gps,42.123183,71.0338256,10.100000381469727,331885.0419573091,4665454.988179753,19,T
1580683568.9657452,380,1580683568,965075969,gps,42.123183,71.0338256,10.100000381469727,331885.0419573091,4665454.988179753,19,T
1580683569.9682052,381,1580683569,967473983,gps,42.123183,71.0338256,10.100000381469727,331885.0419573091,4665454.988179753,19,T
1580683570.9685433,382,1580683570,968000888,gps,42.123183,71.0338256,10.100000381469727,331885.0419573091,4665454.988179753,19,T
1580683571.9592826,383,1580683571,958475112,gps,42.123183,71.0338256,10.100000381469727,331885.0419573091,4665454.988179753,19,T
1580683572.9617531,384,1580683572,961072921,gps,42.123183,71.0338256,10.100000381469727,331885.0419573091,4665454.988179753,19,T
1580683573.9676244,385,1580683573,967005014,gps,42.123183,71.0338256,10.100000381469727,331885.0419573091,4665454.988179753,19,T
1580683574.9676986,386,1580683574,967087030,gps,42.123183,71.0338256,10.100000381469727,331885.0419573091,4665454.988179753,19,T
1580683575.9682412,387,1580683575,967472076,gps,42.123183,71.0338256,10.100000381469727,331885.0419573091,4665454.988179753,19,T
1580683576.9673395,388,1580683576,966749906,gps,42.123183,71.0338256,10.100000381469727,331885.0419573091,4665454.988179753,19,T
1580683577.9697244,389,1580683577,969039916,gps,42.123183,71.0338256,10.100000381469727,331885.0419573091,4665454.988179753,19,T
1580683578.970157,390,1580683578,969494104,gps,42.123183,71.0338256,10.100000381469727,331885.0419573091,4665454.988179753,19,T
1580683579.9592483,391,1580683579,958623886,gps,42.123183,71.0338256,10.100000381469727,331885.0419573091,4665454.988179753,19,T
1580683580.9661467,392,1580683580,965442895,gps,42.123183,71.0338256,10.100000381469727,331885.0419573091,4665454.988179753,19,T
1580683581.9683526,393,1580683581,967613935,gps,42.123183,71.0338256,10.100000381469727,331885.0419573091,4665454.988179753,19,T
1580683582.9660249,394,1580683582,965306997,gps,42.123183,71.0338256,10.100000381469727,331885.0419573091,4665454.988179753,19,T
1580683583.967071,395,1580683583,966453075,gps,42.123183,71.0338256,10.100000381469727,331885.0419573091,4665454.988179753,19,T
1580683584.9661636,396,1580683584,965543985,gps,42.123183,71.0338256,10.100000381469727,331885.0419573091,4665454.988179753,19,T
1580683585.9592435,397,1580683585,958590030,gps,42.123183,71.0338256,10.100000381469727,331885.0419573091,4665454.988179753,19,T
1580683586.9943135,398,1580683586,993575096,gps,42.123183,71.0338256,10.100000381469727,331885.0419573091,4665454.988179753,19,T
1580683587.9667177,399,1580683587,966087102,gps,42.123183,71.0338256,10.100000381469727,331885.0419573091,4665454.988179753,19,T
1580683588.9660976,400,1580683588,965498924,gps,42.123183,71.0338256,10.199999809265137,331885.0419573091,4665454.988179753,19,T
1580683589.9598122,401,1580683589,959018945,gps,42.123183,71.0338256,10.199999809265137,331885.0419573091,4665454.988179753,19,T
1580683590.9944007,402,1580683590,993643045,gps,42.123183,71.0338256,10.199999809265137,331885.0419573091,4665454.988179753,19,T
1580683591.9669535,403,1580683591,966317892,gps,42.123183,71.0338256,10.199999809265137,331885.0419573091,4665454.988179753,19,T
1580683592.9686747,404,1580683592,967979907,gps,42.123183,71.0338256,10.199999809265137,331885.0419573091,4665454.988179753,19,T
1580683593.9929953,405,1580683593,992227077,gps,42.123183,71.0338256,10.199999809265137,331885.0419573091,4665454.988179753,19,T
1580683594.9666445,406,1580683594,965964078,gps,42.123183,71.0338256,10.199999809265137,331885.0419573091,4665454.988179753,19,T
1580683595.9677134,407,1580683595,967065095,gps,42.123183,71.0338256,10.199999809265137,331885.0419573091,4665454.988179753,19,T
1580683596.9745069,408,1580683596,973951101,gps,42.123183,71.0338256,10.199999809265137,331885.0419573091,4665454.988179753,19,T
1580683597.963214,409,1580683597,962521076,gps,42.123183,71.0338256,10.199999809265137,331885.0419573091,4665454.988179753,19,T
1580683598.969887,410,1580683598,969156026,gps,42.123183,71.0338256,10.199999809265137,331885.0419573091,4665454.988179753,19,T
1580683599.968998,411,1580683599,968337059,gps,42.123183,71.0338256,10.199999809265137,331885.0419573091,4665454.988179753,19,T
1580683600.9959102,412,1580683600,995146036,gps,42.123183,71.0338256,10.199999809265137,331885.0419573091,4665454.988179753,19,T
1580683601.9640625,413,1580683601,963466882,gps,42.123183,71.0338256,10.199999809265137,331885.0419573091,4665454.988179753,19,T
1580683602.962841,414,1580683602,962275028,gps,42.123183,71.0338256,10.199999809265137,331885.0419573091,4665454.988179753,19,T
1580683603.9602337,415,1580683603,959614992,gps,42.123183,71.0338256,10.199999809265137,331885.0419573091,4665454.988179753,19,T
1580683604.9955823,416,1580683604,994869947,gps,42.123183,71.0338256,10.199999809265137,331885.0419573091,4665454.988179753,19,T
1580683605.9673197,417,1580683605,966662883,gps,42.123183,71.0338256,10.300000190734863,331885.0419573091,4665454.988179753,19,T
1580683606.9684253,418,1580683606,967822074,gps,42.123183,71.0338256,10.300000190734863,331885.0419573091,4665454.988179753,19,T
1580683607.9951293,419,1580683607,994530916,gps,42.123183,71.0338262,10.300000190734863,331884.9923595012,4665454.989361115,19,T
1580683608.9648228,420,1580683608,964122056,gps,42.123183,71.0338262,10.300000190734863,331884.9923595012,4665454.989361115,19,T
1580683609.9691322,421,1580683609,968537092,gps,42.123183,71.0338262,10.300000190734863,331884.9923595012,4665454.989361115,19,T
1580683610.9689722,422,1580683610,968261003,gps,42.123183,71.0338262,10.300000190734863,331884.9923595012,4665454.989361115,19,T
1580683611.9692743,423,1580683611,968502998,gps,42.123183,71.0338262,10.300000190734863,331884.9923595012,4665454.989361115,19,T
1580683612.9695938,424,1580683612,969008922,gps,42.123183,71.0338262,10.300000190734863,331884.9923595012,4665454.989361115,19,T
1580683613.9626505,425,1580683613,962013959,gps,42.123183,71.0338262,10.300000190734863,331884.9923595012,4665454.989361115,19,T
1580683614.9684849,426,1580683614,967868089,gps,42.123183,71.0338262,10.300000190734863,331884.9923595012,4665454.989361115,19,T
1580683615.968431,427,1580683615,967678070,gps,42.123183,71.0338262,10.300000190734863,331884.9923595012,4665454.989361115,19,T
1580683616.9682674,428,1580683616,967628002,gps,42.123183,71.0338262,10.300000190734863,331884.9923595012,4665454.989361115,19,T
1580683617.9696352,429,1580683617,968949079,gps,42.123183,71.0338262,10.300000190734863,331884.9923595012,4665454.989361115,19,T
1580683618.9679494,430,1580683618,967189073,gps,42.123183,71.0338262,10.300000190734863,331884.9923595012,4665454.989361115,19,T
1580683619.9632037,431,1580683619,962568998,gps,42.123183,71.0338262,10.300000190734863,331884.9923595012,4665454.989361115,19,T
1580683620.9735138,432,1580683620,972918033,gps,42.123183,71.0338262,10.300000190734863,331884.9923595012,4665454.989361115,19,T
1580683621.9701436,433,1580683621,969378948,gps,42.123183,71.0338262,10.300000190734863,331884.9923595012,4665454.989361115,19,T
1580683622.9705606,434,1580683622,969837903,gps,42.123183,71.0338262,10.300000190734863,331884.9923595012,4665454.989361115,19,T
1580683623.9638567,435,1580683623,963120937,gps,42.123183,71.0338262,10.300000190734863,331884.9923595012,4665454.989361115,19,T
1580683624.9636397,436,1580683624,963033914,gps,42.123183,71.0338262,10.300000190734863,331884.9923595012,4665454.989361115,19,T
1580683625.963522,437,1580683625,962768077,gps,42.123183,71.0338262,10.300000190734863,331884.9923595012,4665454.989361115,19,T
1580683626.962794,438,1580683626,962188959,gps,42.123183,71.0338262,10.300000190734863,331884.9923595012,4665454.989361115,19,T
1580683627.9551284,439,1580683627,954442977,gps,42.123183,71.0338262,10.300000190734863,331884.9923595012,4665454.989361115,19,T
1580683628.9639404,440,1580683628,963185071,gps,42.123183,71.0338262,10.300000190734863,331884.9923595012,4665454.989361115,19,T
1580683629.9667184,441,1580683629,966010093,gps,42.123183,71.0338262,10.300000190734863,331884.9923595012,4665454.989361115,19,T
1580683630.9697118,442,1580683630,969153881,gps,42.123183,71.0338262,10.300000190734863,331884.9923595012,4665454.989361115,19,T
1580683631.969531,443,1580683631,968776941,gps,42.123183,71.0338262,10.300000190734863,331884.9923595012,4665454.989361115,19,T
1580683632.9730732,444,1580683632,972359895,gps,42.123183,71.0338262,10.300000190734863,331884.9923595012,4665454.989361115,19,T
1580683633.961987,445,1580683633,961235046,gps,42.123183,71.0338262,10.300000190734863,331884.9923595012,4665454.989361115,19,T
1580683634.9697523,446,1580683634,969177961,gps,42.123183,71.0338262,10.300000190734863,331884.9923595012,4665454.989361115,19,T
1580683635.974263,447,1580683635,973661899,gps,42.123183,71.0338262,10.300000190734863,331884.9923595012,4665454.989361115,19,T
1580683636.9701593,448,1580683636,969434022,gps,42.123183,71.0338262,10.300000190734863,331884.9923595012,4665454.989361115,19,T
1580683637.9886763,449,1580683637,988066911,gps,42.123183,71.0338262,10.300000190734863,331884.9923595012,4665454.989361115,19,T
1580683638.9704082,450,1580683638,969794988,gps,42.123183,71.0338262,10.300000190734863,331884.9923595012,4665454.989361115,19,T
1580683639.9704864,451,1580683639,969935894,gps,42.123183,71.0338262,10.300000190734863,331884.9923595012,4665454.989361115,19,T
1580683640.9980595,452,1580683640,997342109,gps,42.123183,71.0338262,10.300000190734863,331884.9923595012,4665454.989361115,19,T
1580683641.9691663,453,1580683641,968545913,gps,42.123183,71.0338262,10.300000190734863,331884.9923595012,4665454.989361115,19,T
1580683642.9733775,454,1580683642,972718000,gps,42.123183,71.0338262,10.300000190734863,331884.9923595012,4665454.989361115,19,T
1580683643.9948277,455,1580683643,994208097,gps,42.123183,71.0338262,10.300000190734863,331884.9923595012,4665454.989361115,19,T
1580683644.9701169,456,1580683644,969383001,gps,42.123183,71.0338268,10.399999618530273,331884.94276169117,4665454.990542476,19,T
1580683645.9668448,457,1580683645,966157913,gps,42.123183,71.0338268,10.399999618530273,331884.94276169117,4665454.990542476,19,T
1580683646.965923,458,1580683646,965415000,gps,42.123183,71.0338268,10.399999618530273,331884.94276169117,4665454.990542476,19,T
1580683647.974596,459,1580683647,973870038,gps,42.123183,71.0338268,10.399999618530273,331884.94276169117,4665454.990542476,19,T
1580683648.9670665,460,1580683648,966396093,gps,42.123183,71.0338268,10.399999618530273,331884.94276169117,4665454.990542476,19,T
1580683649.9670146,461,1580683649,966283082,gps,42.123183,71.0338268,10.399999618530273,331884.94276169117,4665454.990542476,19,T
1580683650.98757,462,1580683650,987050056,gps,42.123183,71.0338268,10.399999618530273,331884.94276169117,4665454.990542476,19,T
1580683651.969572,463,1580683651,969100952,gps,42.123183,71.0338268,10.399999618530273,331884.94276169117,4665454.990542476,19,T
1580683652.971091,464,1580683652,970427989,gps,42.123183,71.0338268,10.399999618530273,331884.94276169117,4665454.990542476,19,T
1580683653.969715,465,1580683653,969013929,gps,42.123183,71.0338268,10.399999618530273,331884.94276169117,4665454.990542476,19,T
1580683654.9987295,466,1580683654,997976064,gps,42.123183,71.0338268,10.399999618530273,331884.94276169117,4665454.990542476,19,T
1580683655.9696212,467,1580683655,968879938,gps,42.123183,71.0338268,10.399999618530273,331884.94276169117,4665454.990542476,19,T
1580683656.9692886,468,1580683656,968574047,gps,42.123183,71.0338268,10.399999618530273,331884.94276169117,4665454.990542476,19,T
1580683657.993234,469,1580683657,992654085,gps,42.123183,71.0338268,10.399999618530273,331884.94276169117,4665454.990542476,19,T
1580683658.9702475,470,1580683658,969635009,gps,42.123183,71.0338268,10.399999618530273,331884.94276169117,4665454.990542476,19,T
1580683659.9681754,471,1580683659,967514991,gps,42.123183,71.0338268,10.399999618530273,331884.94276169117,4665454.990542476,19,T
1580683660.9687328,472,1580683660,968081951,gps,42.123183,71.0338268,10.399999618530273,331884.94276169117,4665454.990542476,19,T
1580683661.9618244,473,1580683661,961189031,gps,42.123183,71.0338268,10.399999618530273,331884.94276169117,4665454.990542476,19,T
1580683662.9675798,474,1580683662,966825008,gps,42.123183,71.0338268,10.399999618530273,331884.94276169117,4665454.990542476,19,T
1580683663.9645548,475,1580683663,963805913,gps,42.123183,71.0338268,10.399999618530273,331884.94276169117,4665454.990542476,19,T
1580683664.965265,476,1580683664,964698076,gps,42.123183,71.0338268,10.399999618530273,331884.94276169117,4665454.990542476,19,T
1580683665.9650505,477,1580683665,964281082,gps,42.123183,71.0338268,10.399999618530273,331884.94276169117,4665454.990542476,19,T
1580683666.965065,478,1580683666,964417934,gps,42.123183,71.0338268,10.399999618530273,331884.94276169117,4665454.990542476,19,T
1580683667.9585598,479,1580683667,957990884,gps,42.123183,71.0338268,10.399999618530273,331884.94276169117,4665454.990542476,19,T
1580683668.9595664,480,1580683668,958985090,gps,42.123183,71.0338268,10.399999618530273,331884.94276169117,4665454.990542476,19,T
1580683669.9649842,481,1580683669,964359045,gps,42.123183,71.0338268,10.399999618530273,331884.94276169117,4665454.990542476,19,T
1580683670.9661047,482,1580683670,965431928,gps,42.123183,71.0338268,10.399999618530273,331884.94276169117,4665454.990542476,19,T
1580683671.9657195,483,1580683671,965092897,gps,42.123183,71.0338268,10.399999618530273,331884.94276169117,4665454.990542476,19,T
1580683672.9655614,484,1580683672,964799880,gps,42.123183,71.0338268,10.399999618530273,331884.94276169117,4665454.990542476,19,T
1580683673.966057,485,1580683673,965465068,gps,42.123183,71.0338268,10.399999618530273,331884.94276169117,4665454.990542476,19,T
1580683674.9650471,486,1580683674,964370965,gps,42.123183,71.0338268,10.399999618530273,331884.94276169117,4665454.990542476,19,T
1580683675.9587114,487,1580683675,957997083,gps,42.123183,71.0338268,10.399999618530273,331884.94276169117,4665454.990542476,19,T
1580683676.965164,488,1580683676,964422941,gps,42.123183,71.0338268,10.399999618530273,331884.94276169117,4665454.990542476,19,T
1580683677.9654214,489,1580683677,964723110,gps,42.123183,71.0338268,10.399999618530273,331884.94276169117,4665454.990542476,19,T
1580683678.9647446,490,1580683678,964186906,gps,42.123183,71.0338268,10.399999618530273,331884.94276169117,4665454.990542476,19,T
1580683679.9636922,491,1580683679,963138103,gps,42.123183,71.0338268,10.399999618530273,331884.94276169117,4665454.990542476,19,T
1580683680.9647799,492,1580683680,964220046,gps,42.123183,71.0338268,10.399999618530273,331884.94276169117,4665454.990542476,19,T
1580683681.9708257,493,1580683681,970218896,gps,42.123183,71.0338268,10.399999618530273,331884.94276169117,4665454.990542476,19,T
1580683682.9686024,494,1580683682,967917919,gps,42.123183,71.0338268,10.399999618530273,331884.94276169117,4665454.990542476,19,T
1580683683.964493,495,1580683683,963701963,gps,42.123183,71.0338268,10.399999618530273,331884.94276169117,4665454.990542476,19,T
1580683684.9640768,496,1580683684,963295936,gps,42.123183,71.0338268,10.399999618530273,331884.94276169117,4665454.990542476,19,T
1580683685.9642117,497,1580683685,963417053,gps,42.123183,71.0338268,10.399999618530273,331884.94276169117,4665454.990542476,19,T
1580683686.9583342,498,1580683686,957730054,gps,42.123183,71.0338268,10.399999618530273,331884.94276169117,4665454.990542476,19,T
1580683687.964416,499,1580683687,963668107,gps,42.123183,71.0338268,10.399999618530273,331884.94276169117,4665454.990542476,19,T
1580683688.9947917,500,1580683688,994106054,gps,42.123183,71.0338268,10.399999618530273,331884.94276169117,4665454.990542476,19,T
1580683689.9639482,501,1580683689,963301897,gps,42.123183,71.0338268,10.399999618530273,331884.94276169117,4665454.990542476,19,T
1580683690.9640586,502,1580683690,963301897,gps,42.123183,71.0338268,10.399999618530273,331884.94276169117,4665454.990542476,19,T
1580683691.9847403,503,1580683691,984117984,gps,42.123183,71.0338268,10.399999618530273,331884.94276169117,4665454.990542476,19,T
1580683692.9655018,504,1580683692,964770078,gps,42.123183,71.0338268,10.399999618530273,331884.94276169117,4665454.990542476,19,T
1580683693.9903302,505,1580683693,989722013,gps,42.123183,71.0338268,10.399999618530273,331884.94276169117,4665454.990542476,19,T
1580683694.9643633,506,1580683694,963588953,gps,42.123183,71.0338268,10.399999618530273,331884.94276169117,4665454.990542476,19,T
1580683695.964782,507,1580683695,964220046,gps,42.123183,71.0338268,10.399999618530273,331884.94276169117,4665454.990542476,19,T
1580683696.9679828,508,1580683696,967330932,gps,42.123183,71.0338268,10.399999618530273,331884.94276169117,4665454.990542476,19,T
1580683697.9660966,509,1580683697,965435981,gps,42.123183,71.0338268,10.399999618530273,331884.94276169117,4665454.990542476,19,T
1580683698.967199,510,1580683698,966456890,gps,42.123183,71.0338268,10.399999618530273,331884.94276169117,4665454.990542476,19,T
1580683699.9629123,511,1580683699,962292909,gps,42.123183,71.0338268,10.399999618530273,331884.94276169117,4665454.990542476,19,T
1580683700.9674523,512,1580683700,966694116,gps,42.123183,71.0338268,10.399999618530273,331884.94276169117,4665454.990542476,19,T
1580683701.9934392,513,1580683701,992753028,gps,42.123183,71.0338268,10.399999618530273,331884.94276169117,4665454.990542476,19,T
1580683702.9664733,514,1580683702,965850114,gps,42.123183,71.0338268,10.399999618530273,331884.94276169117,4665454.990542476,19,T
1580683703.966882,515,1580683703,966105937,gps,42.123183,71.0338268,10.5,331884.94276169117,4665454.990542476,19,T
1580683704.9950256,516,1580683704,994364023,gps,42.123183,71.0338268,10.5,331884.94276169117,4665454.990542476,19,T
1580683705.9690852,517,1580683705,968400001,gps,42.123183,71.0338268,10.5,331884.94276169117,4665454.990542476,19,T
1580683706.9701593,518,1580683706,969592094,gps,42.123183,71.0338268,10.5,331884.94276169117,4665454.990542476,19,T
1580683707.9980953,519,1580683707,997421979,gps,42.123183,71.0338268,10.5,331884.94276169117,4665454.990542476,19,T
1580683708.9702482,520,1580683708,969583034,gps,42.123183,71.0338268,10.5,331884.94276169117,4665454.990542476,19,T
1580683709.9670548,521,1580683709,966353893,gps,42.123183,71.0338268,10.5,331884.94276169117,4665454.990542476,19,T
1580683710.976587,522,1580683710,975877046,gps,42.123183,71.0338268,10.5,331884.94276169117,4665454.990542476,19,T
1580683711.9702363,523,1580683711,969647884,gps,42.123183,71.0338268,10.5,331884.94276169117,4665454.990542476,19,T
1580683712.9712136,524,1580683712,970489025,gps,42.123183,71.0338268,10.5,331884.94276169117,4665454.990542476,19,T
1580683713.971011,525,1580683713,970396995,gps,42.123183,71.0338268,10.5,331884.94276169117,4665454.990542476,19,T
1580683714.9699073,526,1580683714,969228982,gps,42.123183,71.0338268,10.5,331884.94276169117,4665454.990542476,19,T
1580683715.9638364,527,1580683715,963128089,gps,42.123183,71.0338268,10.5,331884.94276169117,4665454.990542476,19,T
1580683716.9709191,528,1580683716,970314025,gps,42.123183,71.0338268,10.5,331884.94276169117,4665454.990542476,19,T
1580683717.9710162,529,1580683717,970262050,gps,42.123183,71.0338268,10.5,331884.94276169117,4665454.990542476,19,T
1580683718.9733267,530,1580683718,972709894,gps,42.123183,71.0338268,10.5,331884.94276169117,4665454.990542476,19,T
1580683719.9736185,531,1580683719,972920894,gps,42.123183,71.0338268,10.5,331884.94276169117,4665454.990542476,19,T
1580683720.9735174,532,1580683720,972858905,gps,42.1231824,71.0338268,10.5,331884.9411748081,4665454.923919448,19,T
1580683721.9705274,533,1580683721,969917058,gps,42.1231824,71.0338268,10.5,331884.9411748081,4665454.923919448,19,T
1580683722.9735568,534,1580683722,973057031,gps,42.1231824,71.0338268,10.5,331884.9411748081,4665454.923919448,19,T
1580683723.9645686,535,1580683723,963956117,gps,42.1231824,71.0338268,10.5,331884.9411748081,4665454.923919448,19,T
1580683724.9693391,536,1580683724,968754053,gps,42.1231824,71.0338268,10.5,331884.9411748081,4665454.923919448,19,T
1580683725.9689486,537,1580683725,968161106,gps,42.1231824,71.0338268,10.5,331884.9411748081,4665454.923919448,19,T
1580683726.9688232,538,1580683726,968205928,gps,42.1231824,71.0338268,10.5,331884.9411748081,4665454.923919448,19,T
1580683727.979031,539,1580683727,978298902,gps,42.1231824,71.0338268,10.5,331884.9411748081,4665454.923919448,19,T
1580683728.9712474,540,1580683728,970613002,gps,42.1231824,71.0338268,10.5,331884.9411748081,4665454.923919448,19,T
1580683729.9691112,541,1580683729,968374013,gps,42.1231824,71.0338268,10.5,331884.9411748081,4665454.923919448,19,T
1580683730.9688807,542,1580683730,968194961,gps,42.1231824,71.0338268,10.5,331884.9411748081,4665454.923919448,19,T
1580683731.9689922,543,1580683731,968353033,gps,42.1231824,71.0338268,10.5,331884.9411748081,4665454.923919448,19,T
1580683732.9693947,544,1580683732,968674898,gps,42.1231824,71.0338268,10.5,331884.9411748081,4665454.923919448,19,T
1580683733.9687128,545,1580683733,968101978,gps,42.1231824,71.0338268,10.5,331884.9411748081,4665454.923919448,19,T
1580683734.9645529,546,1580683734,963670969,gps,42.1231824,71.0338268,10.5,331884.9411748081,4665454.923919448,19,T
1580683735.96381,547,1580683735,963144063,gps,42.1231824,71.0338268,10.5,331884.9411748081,4665454.923919448,19,T
1580683736.9690301,548,1580683736,968316078,gps,42.1231824,71.0338268,10.5,331884.9411748081,4665454.923919448,19,T
1580683737.9693537,549,1580683737,968667984,gps,42.1231824,71.0338268,10.5,331884.9411748081,4665454.923919448,19,T
1580683738.998279,550,1580683738,997584104,gps,42.1231824,71.0338268,10.5,331884.9411748081,4665454.923919448,19,T
1580683739.9635096,551,1580683739,962920904,gps,42.1231824,71.0338268,10.5,331884.9411748081,4665454.923919448,19,T
1580683740.9745624,552,1580683740,973828077,gps,42.1231824,71.0338268,10.5,331884.9411748081,4665454.923919448,19,T
1580683741.9973128,553,1580683741,996674060,gps,42.1231824,71.0338268,10.5,331884.9411748081,4665454.923919448,19,T
1580683742.9702282,554,1580683742,969532966,gps,42.1231824,71.0338268,10.5,331884.9411748081,4665454.923919448,19,T
1580683743.9701538,555,1580683743,969500064,gps,42.1231824,71.0338268,10.5,331884.9411748081,4665454.923919448,19,T
1580683744.9975333,556,1580683744,996948003,gps,42.1231824,71.0338268,10.5,331884.9411748081,4665454.923919448,19,T
1580683745.9699938,557,1580683745,969158887,gps,42.1231824,71.0338268,10.5,331884.9411748081,4665454.923919448,19,T
1580683746.9711828,558,1580683746,970455884,gps,42.1231824,71.0338268,10.5,331884.9411748081,4665454.923919448,19,T
1580683747.975193,559,1580683747,974550008,gps,42.1231824,71.0338268,10.5,331884.9411748081,4665454.923919448,19,T
1580683748.9706767,560,1580683748,970074892,gps,42.1231824,71.0338268,10.5,331884.9411748081,4665454.923919448,19,T
1580683749.9693418,561,1580683749,968775033,gps,42.1231824,71.0338268,10.5,331884.9411748081,4665454.923919448,19,T
1580683750.9698172,562,1580683750,969290971,gps,42.1231824,71.0338268,10.5,331884.9411748081,4665454.923919448,19,T
1580683751.9785347,563,1580683751,977946043,gps,42.1231824,71.0338268,10.5,331884.9411748081,4665454.923919448,19,T
1580683752.996451,564,1580683752,995532035,gps,42.1231824,71.0338268,10.5,331884.9411748081,4665454.923919448,19,T
1580683753.9670117,565,1580683753,966305971,gps,42.1231824,71.0338268,10.5,331884.9411748081,4665454.923919448,19,T
1580683754.9672556,566,1580683754,966651916,gps,42.1231824,71.0338268,10.5,331884.9411748081,4665454.923919448,19,T
1580683755.9955778,567,1580683755,994890928,gps,42.1231824,71.0338268,10.5,331884.9411748081,4665454.923919448,19,T
1580683756.9749527,568,1580683756,974339008,gps,42.1231824,71.0338268,10.5,331884.9411748081,4665454.923919448,19,T
1580683757.9946833,569,1580683757,994085073,gps,42.1231824,71.0338268,10.5,331884.9411748081,4665454.923919448,19,T
1580683758.9686227,570,1580683758,968050003,gps,42.1231824,71.0338268,10.5,331884.9411748081,4665454.923919448,19,T
1580683759.9703243,571,1580683759,969640970,gps,42.1231824,71.0338268,10.5,331884.9411748081,4665454.923919448,19,T
1580683760.9703887,572,1580683760,969626903,gps,42.1231824,71.0338268,10.5,331884.9411748081,4665454.923919448,19,T
1580683761.9702308,573,1580683761,969573974,gps,42.1231824,71.0338268,10.5,331884.9411748081,4665454.923919448,19,T
1580683762.9761076,574,1580683762,975429058,gps,42.1231824,71.0338268,10.5,331884.9411748081,4665454.923919448,19,T
1580683763.96406,575,1580683763,963234901,gps,42.1231824,71.0338268,10.5,331884.9411748081,4665454.923919448,19,T
1580683764.964678,576,1580683764,963911056,gps,42.1231824,71.0338268,10.5,331884.9411748081,4665454.923919448,19,T
1580683765.9699006,577,1580683765,969147920,gps,42.1231824,71.03382739999999,10.5,331884.89157699974,4665454.925100809,19,T
1580683766.97898,578,1580683766,978341102,gps,42.1231824,71.03382739999999,10.5,331884.89157699974,4665454.925100809,19,T
1580683767.9711673,579,1580683767,970560073,gps,42.1231824,71.03382739999999,10.5,331884.89157699974,4665454.925100809,19,T
1580683768.9715068,580,1580683768,970793008,gps,42.1231824,71.03382739999999,10.5,331884.89157699974,4665454.925100809,19,T
1580683769.9706059,581,1580683769,969938039,gps,42.1231824,71.03382739999999,10.5,331884.89157699974,4665454.925100809,19,T
1580683770.971035,582,1580683770,970448970,gps,42.1231824,71.03382739999999,10.5,331884.89157699974,4665454.925100809,19,T
1580683771.9639733,583,1580683771,963375091,gps,42.1231824,71.03382739999999,10.5,331884.89157699974,4665454.925100809,19,T
1580683772.9792566,584,1580683772,978641986,gps,42.1231824,71.03382739999999,10.5,331884.89157699974,4665454.925100809,19,T
1580683773.97086,585,1580683773,970213890,gps,42.1231824,71.03382739999999,10.5,331884.89157699974,4665454.925100809,19,T
1580683774.9704201,586,1580683774,969806909,gps,42.123183,71.03382739999999,10.5,331884.8931638833,4665454.991723839,19,T
1580683775.9708736,587,1580683775,970189094,gps,42.123183,71.03382739999999,10.5,331884.8931638833,4665454.991723839,19,T
1580683776.9656234,588,1580683776,964981079,gps,42.123183,71.03382739999999,10.5,331884.8931638833,4665454.991723839,19,T
1580683777.9707885,589,1580683777,970155000,gps,42.123183,71.03382739999999,10.5,331884.8931638833,4665454.991723839,19,T
1580683778.9704776,590,1580683778,969876050,gps,42.123183,71.03382739999999,10.5,331884.8931638833,4665454.991723839,19,T
1580683779.9712636,591,1580683779,970647096,gps,42.123183,71.03382739999999,10.5,331884.8931638833,4665454.991723839,19,T
1580683780.973217,592,1580683780,972606897,gps,42.123183,71.03382739999999,10.5,331884.8931638833,4665454.991723839,19,T
1580683781.969326,593,1580683781,968650102,gps,42.123183,71.03382739999999,10.5,331884.8931638833,4665454.991723839,19,T
1580683782.9653947,594,1580683782,964633941,gps,42.123183,71.03382739999999,10.5,331884.8931638833,4665454.991723839,19,T
1580683783.9708824,595,1580683783,970184087,gps,42.123183,71.03382739999999,10.5,331884.8931638833,4665454.991723839,19,T
1580683784.9736598,596,1580683784,973059892,gps,42.123183,71.03382739999999,10.5,331884.8931638833,4665454.991723839,19,T
1580683785.977082,597,1580683785,976476907,gps,42.123183,71.03382739999999,10.5,331884.8931638833,4665454.991723839,19,T
1580683786.9705608,598,1580683786,969897031,gps,42.123183,71.03382739999999,10.5,331884.8931638833,4665454.991723839,19,T
1580683787.964149,599,1580683787,963398933,gps,42.123183,71.03382739999999,10.5,331884.8931638833,4665454.991723839,19,T
1580683788.964502,600,1580683788,963891029,gps,42.123183,71.03382739999999,10.5,331884.8931638833,4665454.991723839,19,T
1580683789.988793,601,1580683789,988151073,gps,42.123183,71.03382739999999,10.5,331884.8931638833,4665454.991723839,19,T
1580683790.971012,602,1580683790,970257997,gps,42.123183,71.03382739999999,10.5,331884.8931638833,4665454.991723839,19,T
1580683791.998372,603,1580683791,997771978,gps,42.123183,71.03382739999999,10.5,331884.8931638833,4665454.991723839,19,T
1580683792.9697285,604,1580683792,969227075,gps,42.123183,71.03382739999999,10.5,331884.8931638833,4665454.991723839,19,T
1580683793.9702978,605,1580683793,969564914,gps,42.123183,71.03382739999999,10.5,331884.8931638833,4665454.991723839,19,T
1580683794.9933023,606,1580683794,992681026,gps,42.123183,71.03382739999999,10.5,331884.8931638833,4665454.991723839,19,T
1580683795.9993787,607,1580683795,998760938,gps,42.123183,71.03382739999999,10.5,331884.8931638833,4665454.991723839,19,T
1580683797.0393634,608,1580683797,38746118,gps,42.123183,71.03382739999999,10.5,331884.8931638833,4665454.991723839,19,T
1580683798.0658739,609,1580683798,65102100,gps,42.123183,71.03382739999999,10.5,331884.8931638833,4665454.991723839,19,T
1580683799.091594,610,1580683799,90804100,gps,42.123183,71.03382739999999,10.5,331884.8931638833,4665454.991723839,19,T
1580683800.1111264,611,1580683800,110557079,gps,42.123183,71.03382739999999,10.5,331884.8931638833,4665454.991723839,19,T
1580683801.1307786,612,1580683801,130160093,gps,42.123183,71.03382739999999,10.5,331884.8931638833,4665454.991723839,19,T
1580683802.146678,613,1580683802,146076917,gps,42.123183,71.03382739999999,10.5,331884.8931638833,4665454.991723839,19,T
1580683803.1891153,614,1580683803,188463926,gps,42.123183,71.03382739999999,10.5,331884.8931638833,4665454.991723839,19,T
1580683804.173477,615,1580683804,172852039,gps,42.123183,71.03382739999999,10.5,331884.8931638833,4665454.991723839,19,T
1580683805.185177,616,1580683805,184307098,gps,42.123183,71.03382739999999,10.5,331884.8931638833,4665454.991723839,19,T
